frame,wall_s,sim_time_s,frame_ms,cpu_ms,gpu_ms,gpu_available,steps,fixed_dt_s,sim_cpu_ms,sim_advanced_s,requested_warp,effective_warp,backlog_ms,bodies,vehicles,patches_visible,patches_generated,triangles,cache_hits,cache_misses,streaming_queued,assets_pending,rss_bytes,scope:frame.cpu_ms,scope:render.atmosphere_ms,scope:sim.total_ms,scope:world.streaming_ms
1431,27.6196,27.3333,59.5436,8.3885,,false,7,0.008333,1.7929,0.0583,1.00,0.98,7.6488,22,1,191,0,256704,191,191,0,0,903888896,8.3885,0.0683,1.7929,1.3064
1432,27.6730,27.3833,50.6681,11.0922,,false,6,0.008333,2.0050,0.0500,1.00,0.99,8.3169,22,1,191,0,256704,191,191,0,0,903888896,11.0922,0.0882,2.0050,2.6502
1433,27.7264,27.4417,56.3401,8.2168,,false,7,0.008333,2.1414,0.0583,1.00,1.00,6.3236,22,1,191,0,256704,191,191,0,0,903888896,8.2168,0.0621,2.1414,1.1030
1434,27.7881,27.5000,58.7498,10.9062,,false,7,0.008333,1.8778,0.0583,1.00,0.99,6.7401,22,1,191,0,256704,191,191,0,0,903888896,10.9062,0.0709,1.8778,1.2641
1435,27.8352,27.5500,49.7568,8.1456,,false,6,0.008333,1.9565,0.0500,1.00,1.00,6.4969,22,1,191,0,256704,191,191,0,0,903942144,8.1456,0.0711,1.9565,1.1455
1436,27.8933,27.6083,58.5127,8.1649,,false,7,0.008333,1.8723,0.0583,1.00,1.00,6.6763,22,1,191,0,256704,191,191,0,0,911364096,8.1649,0.0617,1.8723,1.2012
1437,27.9518,27.6583,49.9274,16.5646,,false,6,0.008333,1.8809,0.0500,1.00,1.00,6.6037,22,1,191,0,256704,191,191,0,0,922963968,16.5646,0.0731,1.8809,1.1514
1438,28.0006,27.7167,58.1662,7.3909,,false,7,0.008333,1.6533,0.0583,1.00,1.00,6.4366,22,1,191,0,256704,191,191,0,0,923734016,7.3909,0.0809,1.6533,0.9821
1439,28.0585,27.7750,58.9450,6.3291,,false,7,0.008333,1.1430,0.0583,1.00,0.99,7.0482,22,1,191,0,256704,191,191,0,0,926863360,6.3291,0.1156,1.1430,1.5935
1440,28.1129,27.8333,51.3687,9.1069,,false,7,0.008333,2.3617,0.0583,1.00,1.00,0.0836,22,1,191,0,256704,191,191,0,0,926863360,9.1069,0.0709,2.3617,1.1778
1441,28.1711,27.8917,59.0869,8.3894,,false,7,0.008333,2.0592,0.0583,1.00,0.99,0.8372,22,1,191,0,256704,191,191,0,0,926863360,8.3894,0.0668,2.0592,1.2795
1442,28.2275,27.9417,55.9297,8.9148,,false,6,0.008333,2.2544,0.0500,1.00,0.89,6.7670,22,1,191,0,256704,191,191,0,0,926871552,8.9148,0.1171,2.2544,1.4515
1443,28.2792,28.0000,51.6582,8.7895,,false,7,0.008333,2.1991,0.0583,1.00,1.00,0.0919,22,1,191,0,256704,191,191,0,0,926871552,8.7895,0.0678,2.1991,1.1601
1444,28.3369,28.0500,56.7744,9.5334,,false,6,0.008333,1.7646,0.0500,1.00,0.88,6.8663,22,1,191,0,256704,191,191,0,0,926871552,9.5334,0.0709,1.7646,1.1399
1445,28.3908,28.1083,57.5850,6.1301,,false,7,0.008333,1.2162,0.0583,1.00,1.00,6.1180,22,1,191,0,256704,191,191,0,0,926871552,6.1301,0.0558,1.2162,0.7535
1446,28.4564,28.1667,60.3200,11.3007,,false,7,0.008333,2.5624,0.0583,1.00,0.97,8.1046,22,1,191,0,256704,191,191,0,0,926871552,11.3007,0.1007,2.5624,3.7685
1447,28.5069,28.2250,52.0020,9.7649,,false,7,0.008333,2.6835,0.0583,1.00,1.00,1.7733,22,1,191,0,256704,191,191,0,0,926871552,9.7649,0.0779,2.6835,1.1889
1448,28.5624,28.2750,56.4033,8.8456,,false,6,0.008333,2.2292,0.0500,1.00,0.89,8.1767,22,1,191,0,256704,191,191,0,0,926871552,8.8456,0.0741,2.2292,1.1890
1449,28.6192,28.3333,56.7596,9.0123,,false,7,0.008333,2.0692,0.0583,1.00,1.00,6.6029,22,1,191,0,256704,191,191,0,0,926883840,9.0123,0.0809,2.0692,1.5741
1450,28.6699,28.3833,51.1564,8.4312,,false,6,0.008333,1.8882,0.0500,1.00,0.98,7.7593,22,1,191,0,256704,191,191,0,0,926883840,8.4312,0.0743,1.8882,1.1503
1451,28.7293,28.4417,57.0409,10.8650,,false,7,0.008333,2.0271,0.0583,1.00,1.00,6.4670,22,1,191,0,256704,191,191,0,0,926883840,10.8650,0.0693,2.0271,1.2927
1452,28.7840,28.5000,58.5570,7.0473,,false,7,0.008333,2.1447,0.0583,1.00,1.00,6.6906,22,1,191,0,256704,191,191,0,0,926883840,7.0473,0.0483,2.1447,0.7173
1453,28.8375,28.5500,49.8705,10.7033,,false,6,0.008333,1.5977,0.0500,1.00,1.00,6.5612,22,1,191,0,256704,191,191,0,0,926883840,10.7033,0.0816,1.5977,2.9533
1454,28.8969,28.6167,60.1441,9.8235,,false,8,0.008333,2.6393,0.0667,1.00,1.00,0.0386,22,1,191,0,256704,191,191,0,0,926883840,9.8235,0.0765,2.6393,1.2714
1455,28.9528,28.6667,57.4569,8.2740,,false,6,0.008333,2.0326,0.0500,1.00,0.87,7.4956,22,1,191,0,256704,191,191,0,0,926883840,8.2740,0.0640,2.0326,1.1048
1456,29.0033,28.7167,49.8781,8.8658,,false,6,0.008333,2.0575,0.0500,1.00,1.00,7.3737,22,1,191,0,256704,191,191,0,0,926883840,8.8658,0.0886,2.0575,1.1906
1457,29.0645,28.7750,58.8998,11.0824,,false,7,0.008333,2.1580,0.0583,1.00,0.99,7.9402,22,1,191,0,256704,191,191,0,0,926883840,11.0824,0.0719,2.1580,1.2692
1458,29.1121,28.8250,49.9654,8.8497,,false,6,0.008333,1.8893,0.0500,1.00,1.00,7.9056,22,1,191,0,256704,191,191,0,0,926883840,8.8497,0.0679,1.8893,1.1666
1459,29.1715,28.8833,57.4727,10.6176,,false,7,0.008333,2.0435,0.0583,1.00,1.00,7.0450,22,1,191,0,256704,191,191,0,0,926883840,10.6176,0.0821,2.0435,1.4319
1460,29.2302,28.9417,58.7674,10.7388,,false,7,0.008333,2.5248,0.0583,1.00,0.99,7.4790,22,1,191,0,256704,191,191,0,0,926883840,10.7388,0.0806,2.5248,2.8374
1461,29.2806,28.9917,50.1254,11.0309,,false,6,0.008333,2.0022,0.0500,1.00,1.00,7.6044,22,1,191,0,256704,191,191,0,0,926883840,11.0309,0.0798,2.0022,1.2040
1462,29.3347,29.0500,58.7262,6.5528,,false,7,0.008333,1.5443,0.0583,1.00,0.99,7.9973,22,1,191,0,256704,191,191,0,0,926887936,6.5528,0.0471,1.5443,0.9118
1463,29.3872,29.1083,50.6906,8.1829,,false,7,0.008333,2.0108,0.0583,1.00,1.00,0.3547,22,1,191,0,256704,191,191,0,0,926887936,8.1829,0.0748,2.0108,1.1644
1464,29.4483,29.1583,57.0226,12.2578,,false,6,0.008333,2.0134,0.0500,1.00,0.88,7.3772,22,1,191,0,256704,191,191,0,0,926887936,12.2578,0.0691,2.0134,1.5968
1465,29.5045,29.2167,58.8222,9.4466,,false,7,0.008333,2.1246,0.0583,1.00,0.99,7.8660,22,1,191,0,256704,191,191,0,0,926887936,9.4466,0.0749,2.1246,1.6416
1466,29.5636,29.2833,59.3800,9.0829,,false,8,0.008333,2.5588,0.0667,1.00,1.00,0.5794,22,1,191,0,256704,191,191,0,0,926887936,9.0829,0.0698,2.5588,1.2108
1467,29.6300,29.3333,57.5723,18.1603,,false,6,0.008333,2.3219,0.0500,1.00,0.87,8.1517,22,1,191,0,256704,191,191,0,0,926887936,18.1603,0.1024,2.3219,3.4912
1468,29.6794,29.3917,57.9957,9.1618,,false,7,0.008333,1.9866,0.0583,1.00,1.00,7.8140,22,1,191,0,256704,191,191,0,0,926887936,9.1618,0.0835,1.9866,1.1686
1469,29.7396,29.4583,59.0206,10.6630,,false,8,0.008333,2.7152,0.0667,1.00,1.00,0.1679,22,1,191,0,256704,191,191,0,0,926887936,10.6630,0.0857,2.7152,1.3195
1470,29.7966,29.5083,57.9079,9.7744,,false,6,0.008333,2.0852,0.0500,1.00,0.86,8.0758,22,1,191,0,256704,191,191,0,0,926887936,9.7744,0.0862,2.0852,1.2445
1471,29.8561,29.5750,59.3663,9.9092,,false,8,0.008333,2.7483,0.0667,1.00,1.00,0.7755,22,1,191,0,256704,191,191,0,0,926887936,9.9092,0.0848,2.7483,1.2064
1472,29.9141,29.6250,57.3627,10.4153,,false,6,0.008333,1.9512,0.0500,1.00,0.87,8.1382,22,1,191,0,256704,191,191,0,0,926887936,10.4153,0.1002,1.9512,1.2647
1473,29.9698,29.6833,56.9224,9.3903,,false,7,0.008333,2.2508,0.0583,1.00,1.00,6.7272,22,1,191,0,256704,191,191,0,0,926887936,9.3903,0.0794,2.2508,1.2344
1474,30.0312,29.7417,58.7128,11.9145,,false,7,0.008333,1.8620,0.0583,1.00,0.99,7.1067,22,1,191,0,256704,191,191,0,0,926887936,11.9145,0.0846,1.8620,3.3205
1475,30.0867,29.8000,58.5218,8.8496,,false,7,0.008333,1.9475,0.0583,1.00,1.00,7.2952,22,1,191,0,256704,191,191,0,0,926892032,8.8496,0.0733,1.9475,1.4845
1476,30.1399,29.8583,53.6637,8.4476,,false,7,0.008333,2.1024,0.0583,1.00,1.00,2.6255,22,1,191,0,256704,191,191,0,0,926892032,8.4476,0.0604,2.1024,1.1217
1477,30.1947,29.9083,54.4685,9.0831,,false,6,0.008333,1.9536,0.0500,1.00,0.92,7.0940,22,1,191,0,256704,191,191,0,0,926892032,9.0831,0.0678,1.9536,1.4937
1478,30.2469,29.9667,51.2808,8.8622,,false,7,0.008333,1.9320,0.0583,1.00,1.00,0.0415,22,1,191,0,256704,191,191,0,0,926892032,8.8622,0.0813,1.9320,1.1313
1479,30.3028,30.0167,56.6549,9.1263,,false,6,0.008333,2.1097,0.0500,1.00,0.88,6.6964,22,1,191,0,256704,191,191,0,0,926892032,9.1263,0.0693,2.1097,1.1929
1480,30.3604,30.0750,58.4412,8.1710,,false,7,0.008333,2.0339,0.0583,1.00,1.00,6.8042,22,1,191,0,256704,191,191,0,0,926892032,8.1710,0.0566,2.0339,1.0953
1481,30.4116,30.1250,49.5870,9.8580,,false,6,0.008333,1.7975,0.0500,1.00,1.00,6.3912,22,1,191,0,256704,191,191,0,0,926892032,9.8580,0.0779,1.7975,2.7257
1482,30.4689,30.1833,58.8510,8.4778,,false,7,0.008333,1.9421,0.0583,1.00,0.99,6.9089,22,1,191,0,256704,191,191,0,0,926892032,8.4778,0.0609,1.9421,1.0967
1483,30.5205,30.2333,49.8749,9.2567,,false,6,0.008333,1.7989,0.0500,1.00,1.00,6.7838,22,1,191,0,256704,191,191,0,0,926892032,9.2567,0.0685,1.7989,1.1344
1484,30.5780,30.2917,58.4284,9.0650,,false,7,0.008333,2.1652,0.0583,1.00,1.00,6.8789,22,1,191,0,256704,191,191,0,0,926892032,9.0650,0.0972,2.1652,1.1983
1485,30.6316,30.3417,50.6973,11.9620,,false,6,0.008333,1.6139,0.0500,1.00,0.99,7.5761,22,1,191,0,256704,191,191,0,0,927653888,11.9620,0.0689,1.6139,1.1270
1486,30.6857,30.4000,57.9522,8.1947,,false,7,0.008333,2.2123,0.0583,1.00,1.00,7.1950,22,1,191,0,256704,191,191,0,0,927653888,8.1947,0.0611,2.2123,1.3176
1487,30.7371,30.4500,50.2828,9.2378,,false,6,0.008333,1.9321,0.0500,1.00,0.99,7.4777,22,1,191,0,256704,191,191,0,0,927662080,9.2378,0.0617,1.9321,1.1248
1488,30.7952,30.5083,57.7552,9.7097,,false,7,0.008333,2.0213,0.0583,1.00,1.00,6.8996,22,1,191,0,256704,191,191,0,0,927666176,9.7097,0.0627,2.0213,2.8397
1489,30.8449,30.5583,50.8145,8.6514,,false,6,0.008333,2.0700,0.0500,1.00,0.98,7.7141,22,1,191,0,256704,191,191,0,0,927666176,8.6514,0.0629,2.0700,1.1182
1490,30.9021,30.6167,57.7374,8.1257,,false,7,0.008333,2.0126,0.0583,1.00,1.00,7.1181,22,1,191,0,256704,191,191,0,0,927666176,8.1257,0.0668,2.0126,1.2740
1491,30.9535,30.6667,50.6922,8.6824,,false,6,0.008333,2.1307,0.0500,1.00,0.99,7.8103,22,1,191,0,256704,191,191,0,0,927670272,8.6824,0.0693,2.1307,1.1421
1492,31.0120,30.7250,57.4405,9.8586,,false,7,0.008333,1.8973,0.0583,1.00,1.00,6.9174,22,1,191,0,256704,191,191,0,0,927674368,9.8586,0.0789,1.8973,1.2387
1493,31.0614,30.7750,50.0350,7.1645,,false,6,0.008333,1.7452,0.0500,1.00,1.00,6.9524,22,1,191,0,256704,191,191,0,0,927674368,7.1645,0.0629,1.7452,0.9968
1494,31.1166,30.8333,58.0748,6.5705,,false,7,0.008333,1.1235,0.0583,1.00,1.00,6.6939,22,1,191,0,256704,191,191,0,0,927674368,6.5705,0.0543,1.1235,0.6623
1495,31.1707,30.8833,50.9187,9.5402,,false,6,0.008333,1.7823,0.0500,1.00,0.98,7.6127,22,1,191,0,256704,191,191,0,0,927674368,9.5402,0.0803,1.7823,2.7983
1496,31.2267,30.9417,57.6688,7.7695,,false,7,0.008333,1.9971,0.0583,1.00,1.00,6.9481,22,1,191,0,256704,191,191,0,0,927674368,7.7695,0.0888,1.9971,1.1506
1497,31.2778,30.9917,50.9768,7.9110,,false,6,0.008333,1.6937,0.0500,1.00,0.98,7.9249,22,1,191,0,256704,191,191,0,0,927674368,7.9110,0.0782,1.6937,1.2031
1498,31.3351,31.0500,57.4572,7.8225,,false,7,0.008333,1.9792,0.0583,1.00,1.00,7.0488,22,1,191,0,256704,191,191,0,0,927674368,7.8225,0.0667,1.9792,1.2310
1499,31.3855,31.1000,49.6545,8.4186,,false,6,0.008333,1.9048,0.0500,1.00,1.00,6.7033,22,1,191,0,256704,191,191,0,0,927678464,8.4186,0.0641,1.9048,0.9707
1500,31.4440,31.1583,58.7662,8.3612,,false,7,0.008333,2.1274,0.0583,1.00,0.99,7.1362,22,1,191,0,256704,191,191,0,0,927678464,8.3612,0.0561,2.1274,1.0978
1501,31.4935,31.2083,49.6112,8.0041,,false,6,0.008333,1.7696,0.0500,1.00,1.00,6.7474,22,1,191,0,256704,191,191,0,0,927690752,8.0041,0.0752,1.7696,1.1894
1502,31.5511,31.2667,56.4054,9.3732,,false,7,0.008333,2.1218,0.0583,1.00,1.00,4.8194,22,1,191,0,256704,191,191,0,0,927690752,9.3732,0.0589,2.1218,2.6866
1503,31.6008,31.3167,50.3438,8.6424,,false,6,0.008333,2.1865,0.0500,1.00,0.99,5.1633,22,1,191,0,256704,191,191,0,0,927690752,8.6424,0.0753,2.1865,1.2332
1504,31.6605,31.3750,60.1995,8.1234,,false,7,0.008333,1.8449,0.0583,1.00,0.97,7.0295,22,1,191,0,256704,191,191,0,0,927690752,8.1234,0.0546,1.8449,1.0991
1505,31.7146,31.4333,52.5207,9.4314,,false,7,0.008333,2.3555,0.0583,1.00,1.00,1.2168,22,1,191,0,256704,191,191,0,0,927690752,9.4314,0.0952,2.3555,1.6058
1506,31.7757,31.4917,64.0719,6.7552,,false,7,0.008333,1.8755,0.0583,1.00,0.91,6.9554,22,1,191,0,256704,191,191,0,0,927690752,6.7552,0.0572,1.8755,0.9434
1507,31.8272,31.5417,49.9517,8.3594,,false,6,0.008333,1.9796,0.0500,1.00,1.00,6.9072,22,1,191,0,256704,191,191,0,0,927698944,8.3594,0.0648,1.9796,1.1082
1508,31.8830,31.6000,58.0677,6.1665,,false,7,0.008333,1.6067,0.0583,1.00,1.00,6.6415,22,1,191,0,256704,191,191,0,0,927715328,6.1665,0.0475,1.6067,0.8781
1509,31.9341,31.6500,49.9931,7.4137,,false,6,0.008333,1.4932,0.0500,1.00,1.00,6.6346,22,1,191,0,256704,191,191,0,0,927715328,7.4137,0.0565,1.4932,1.6525
1510,31.9952,31.7083,58.7716,9.3271,,false,7,0.008333,2.4573,0.0583,1.00,0.99,7.0729,22,1,191,0,256704,191,191,0,0,927715328,9.3271,0.0748,2.4573,1.4490
1511,32.0533,31.7667,58.9928,8.5407,,false,7,0.008333,2.2867,0.0583,1.00,0.99,7.7324,22,1,191,0,256704,191,191,0,0,927719424,8.5407,0.0726,2.2867,1.1579
1512,32.1042,31.8250,50.7195,8.7402,,false,7,0.008333,2.3086,0.0583,1.00,1.00,0.1185,22,1,191,0,256704,191,191,0,0,927723520,8.7402,0.0710,2.3086,1.2374
1513,32.1611,31.8750,56.9036,8.7655,,false,6,0.008333,1.6960,0.0500,1.00,0.88,7.0221,22,1,191,0,256704,191,191,0,0,927723520,8.7655,0.0995,1.6960,1.4952
1514,32.2196,31.9333,58.6904,8.5494,,false,7,0.008333,2.0922,0.0583,1.00,0.99,7.3792,22,1,191,0,256704,191,191,0,0,927727616,8.5494,0.0571,2.0922,1.0926
1515,32.2700,31.9833,49.8218,9.0608,,false,6,0.008333,1.7730,0.0500,1.00,1.00,7.2009,22,1,191,0,256704,191,191,0,0,927727616,9.0608,0.0648,1.7730,1.1186
1516,32.3291,32.0417,58.1959,9.8523,,false,7,0.008333,2.2488,0.0583,1.00,1.00,7.0635,22,1,191,0,256704,191,191,0,0,927727616,9.8523,0.0578,2.2488,2.7826
1517,32.3766,32.0917,49.7614,7.8002,,false,6,0.008333,1.7250,0.0500,1.00,1.00,6.8249,22,1,191,0,256704,191,191,0,0,927727616,7.8002,0.0734,1.7250,1.1075
1518,32.4349,32.1500,58.4629,7.6826,,false,7,0.008333,1.8652,0.0583,1.00,1.00,6.9544,22,1,191,0,256704,191,191,0,0,927727616,7.6826,0.0563,1.8652,1.1976
1519,32.4861,32.2000,49.6456,9.0076,,false,6,0.008333,1.5848,0.0500,1.00,1.00,6.6000,22,1,191,0,256704,191,191,0,0,927727616,9.0076,0.0709,1.5848,1.1251
1520,32.5446,32.2583,58.7905,8.9787,,false,7,0.008333,2.7123,0.0583,1.00,0.99,7.0571,22,1,191,0,256704,191,191,0,0,927727616,8.9787,0.0701,2.7123,1.3264
1521,32.5947,32.3083,50.4031,8.5451,,false,6,0.008333,1.8543,0.0500,1.00,0.99,7.4602,22,1,191,0,256704,191,191,0,0,927727616,8.5451,0.0736,1.8543,1.1884
1522,32.6529,32.3667,58.0880,8.6955,,false,7,0.008333,2.3266,0.0583,1.00,1.00,7.2149,22,1,191,0,256704,191,191,0,0,927727616,8.6955,0.0944,2.3266,1.2578
1523,32.7067,32.4250,51.2082,11.1461,,false,7,0.008333,2.1497,0.0583,1.00,1.00,0.0897,22,1,191,0,256704,191,191,0,0,927727616,11.1461,0.0821,2.1497,3.0964
1524,32.7614,32.4750,57.0694,8.9269,,false,6,0.008333,1.9017,0.0500,1.00,0.88,7.1591,22,1,191,0,256704,191,191,0,0,927727616,8.9269,0.0776,1.9017,1.1594
1525,32.8208,32.5333,58.4440,9.7213,,false,7,0.008333,2.8042,0.0583,1.00,1.00,7.2697,22,1,191,0,256704,191,191,0,0,927760384,9.7213,0.0596,2.8042,1.1282
1526,32.8699,32.5917,51.4023,7.6465,,false,7,0.008333,1.9746,0.0583,1.00,1.00,0.3387,22,1,191,0,256704,191,191,0,0,927764480,7.6465,0.0719,1.9746,1.2203
1527,32.9271,32.6417,57.4533,7.4742,,false,6,0.008333,1.9023,0.0500,1.00,0.87,7.7920,22,1,191,0,256704,191,191,0,0,927768576,7.4742,0.0615,1.9023,1.1247
1528,32.9775,32.6917,49.2843,8.3278,,false,6,0.008333,1.8527,0.0500,1.00,1.00,7.0763,22,1,191,0,256704,191,191,0,0,927772672,8.3278,0.0708,1.8527,1.1179
1529,33.0374,32.7583,60.1369,8.3469,,false,8,0.008333,2.2308,0.0667,1.00,1.00,0.5466,22,1,191,0,256704,191,191,0,0,927842304,8.3469,0.0569,2.2308,1.0982
1530,33.0867,32.8000,48.5950,8.9515,,false,5,0.008333,1.5235,0.0417,1.00,0.86,7.4749,22,1,191,0,256704,191,191,0,0,927842304,8.9515,0.0610,1.5235,2.7551
1531,33.1443,32.8583,58.6839,7.9193,,false,7,0.008333,2.0783,0.0583,1.00,0.99,7.8255,22,1,191,0,256704,191,191,0,0,927842304,7.9193,0.0720,2.0783,1.1963
1532,33.1944,32.9083,49.5395,8.2786,,false,6,0.008333,1.8718,0.0500,1.00,1.00,7.3650,22,1,191,0,256704,191,191,0,0,927842304,8.2786,0.0692,1.8718,1.1271
1533,33.2524,32.9667,58.3599,8.0437,,false,7,0.008333,2.0779,0.0583,1.00,1.00,7.3915,22,1,191,0,256704,191,191,0,0,927842304,8.0437,0.0613,2.0779,1.1080
1534,33.3026,33.0167,49.8638,8.4587,,false,6,0.008333,1.6629,0.0500,1.00,1.00,7.2553,22,1,191,0,256704,191,191,0,0,927842304,8.4587,0.0775,1.6629,1.1746
1535,33.3612,33.0750,58.8945,8.0384,,false,7,0.008333,1.9188,0.0583,1.00,0.99,7.8165,22,1,191,0,256704,191,191,0,0,927842304,8.0384,0.0650,1.9188,1.1167
1536,33.4092,33.1250,49.4281,6.7659,,false,6,0.008333,1.5822,0.0500,1.00,1.00,7.2446,22,1,191,0,256704,191,191,0,0,927842304,6.7659,0.0659,1.5822,0.8160
1537,33.4721,33.1833,58.9333,10.8134,,false,7,0.008333,2.4334,0.0583,1.00,0.99,7.8446,22,1,191,0,256704,191,191,0,0,927842304,10.8134,0.0847,2.4334,3.5746
1538,33.5196,33.2333,49.2988,8.6861,,false,6,0.008333,1.9409,0.0500,1.00,1.00,7.1434,22,1,191,0,256704,191,191,0,0,927842304,8.6861,0.0712,1.9409,1.1772
1539,33.5788,33.2917,58.7602,9.3384,,false,7,0.008333,2.4590,0.0583,1.00,0.99,7.5702,22,1,191,0,256704,191,191,0,0,927842304,9.3384,0.0916,2.4590,1.2580
1540,33.6312,33.3500,51.5003,10.2039,,false,7,0.008333,2.3590,0.0583,1.00,1.00,0.7372,22,1,191,0,256704,191,191,0,0,927846400,10.2039,0.0870,2.3590,1.4698
1541,33.6877,33.4000,56.6095,9.8198,,false,6,0.008333,1.6907,0.0500,1.00,0.88,7.3466,22,1,191,0,256704,191,191,0,0,927846400,9.8198,0.0790,1.6907,1.2981
1542,33.7375,33.4583,51.6237,8.2502,,false,7,0.008333,2.0472,0.0583,1.00,1.00,0.6370,22,1,191,0,256704,191,191,0,0,927846400,8.2502,0.0639,2.0472,1.1215
1543,33.7937,33.5083,56.4314,8.0058,,false,6,0.008333,1.7270,0.0500,1.00,0.89,7.0684,22,1,191,0,256704,191,191,0,0,927846400,8.0058,0.0721,1.7270,1.1818
1544,33.8489,33.5667,52.3872,10.6878,,false,7,0.008333,2.4861,0.0583,1.00,1.00,1.1223,22,1,191,0,256704,191,191,0,0,927846400,10.6878,0.0699,2.4861,2.7084
1545,33.9017,33.6167,55.5087,7.9990,,false,6,0.008333,1.8879,0.0500,1.00,0.90,6.6310,22,1,191,0,256704,191,191,0,0,927846400,7.9990,0.0635,1.8879,1.1035
1546,33.9553,33.6667,51.2377,10.4830,,false,6,0.008333,2.1266,0.0500,1.00,0.98,7.8687,22,1,191,0,256704,191,191,0,0,927846400,10.4830,0.0843,2.1266,1.2378
1547,34.0099,33.7250,57.0656,7.9844,,false,7,0.008333,1.8971,0.0583,1.00,1.00,6.6010,22,1,191,0,256704,191,191,0,0,927846400,7.9844,0.0673,1.8971,1.1606
1548,34.0625,33.7833,52.0667,8.6347,,false,7,0.008333,2.2956,0.0583,1.00,1.00,0.3344,22,1,191,0,256704,191,191,0,0,927846400,8.6347,0.0657,2.2956,1.1271
1549,34.1187,33.8333,56.6640,8.1401,,false,6,0.008333,1.8971,0.0500,1.00,0.88,6.9984,22,1,191,0,256704,191,191,0,0,927846400,8.1401,0.0663,1.8971,1.1139
1550,34.1688,33.8833,50.5697,7.5372,,false,6,0.008333,1.8265,0.0500,1.00,0.99,7.5680,22,1,191,0,256704,191,191,0,0,927846400,7.5372,0.0684,1.8265,1.1083
1551,34.2288,33.9417,57.9527,9.5740,,false,7,0.008333,2.2094,0.0583,1.00,1.00,7.1874,22,1,191,0,256704,191,191,0,0,927846400,9.5740,0.0647,2.2094,2.7025
1552,34.2767,33.9917,50.2322,7.2495,,false,6,0.008333,1.5639,0.0500,1.00,1.00,7.4196,22,1,191,0,256704,191,191,0,0,927846400,7.2495,0.0642,1.5639,1.1129
1553,34.3350,34.0500,58.1127,7.5707,,false,7,0.008333,1.9095,0.0583,1.00,1.00,7.1989,22,1,191,0,256704,191,191,0,0,927846400,7.5707,0.0886,1.9095,1.1118
1554,34.3874,34.1000,50.4749,9.3434,,false,6,0.008333,1.9239,0.0500,1.00,0.99,7.6738,22,1,191,0,256704,191,191,0,0,927850496,9.3434,0.0694,1.9239,1.1538
1555,34.4444,34.1583,57.8617,8.4962,,false,7,0.008333,2.0271,0.0583,1.00,1.00,7.2022,22,1,191,0,256704,191,191,0,0,927850496,8.4962,0.0795,2.0271,1.1644
1556,34.5020,34.2167,58.1399,7.8383,,false,7,0.008333,1.9756,0.0583,1.00,1.00,7.0088,22,1,191,0,256704,191,191,0,0,927850496,7.8383,0.0576,1.9756,1.1037
1557,34.5518,34.2667,49.8420,8.0826,,false,6,0.008333,1.8909,0.0500,1.00,1.00,6.8508,22,1,191,0,256704,191,191,0,0,927850496,8.0826,0.0710,1.8909,1.1598
1558,34.6048,34.3167,50.9702,9.9552,,false,6,0.008333,1.8824,0.0500,1.00,0.98,7.8210,22,1,191,0,256704,191,191,0,0,927850496,9.9552,0.0791,1.8824,2.7994
1559,34.6620,34.3750,57.4416,9.6671,,false,7,0.008333,2.3882,0.0583,1.00,1.00,6.9293,22,1,191,0,256704,191,191,0,0,927850496,9.6671,0.0912,2.3882,1.4343
1560,34.7109,34.4250,51.2816,7.4016,,false,6,0.008333,1.7542,0.0500,1.00,0.98,8.2109,22,1,191,0,256704,191,191,0,0,927850496,7.4016,0.0586,1.7542,1.1130
1561,34.7694,34.4833,57.3061,8.4010,,false,7,0.008333,2.1159,0.0583,1.00,1.00,7.1837,22,1,191,0,256704,191,191,0,0,927850496,8.4010,0.0592,2.1159,1.1180
1562,34.8206,34.5333,49.8178,9.9441,,false,6,0.008333,1.9594,0.0500,1.00,1.00,7.0016,22,1,191,0,256704,191,191,0,0,927850496,9.9441,0.0724,1.9594,1.1781
1563,34.8771,34.5917,58.6458,7.7556,,false,7,0.008333,2.1074,0.0583,1.00,0.99,7.3141,22,1,191,0,256704,191,191,0,0,927850496,7.7556,0.0579,2.1074,1.2008
1564,34.9294,34.6417,49.6931,10.4482,,false,6,0.008333,1.9121,0.0500,1.00,1.00,7.0071,22,1,191,0,256704,191,191,0,0,927850496,10.4482,0.0632,1.9121,1.1659
1565,34.9879,34.7000,58.6778,10.2378,,false,7,0.008333,2.5560,0.0583,1.00,0.99,7.3516,22,1,191,0,256704,191,191,0,0,927850496,10.2378,0.0648,2.5560,2.9732
1566,35.0318,34.7500,48.8670,5.6306,,false,6,0.008333,1.2205,0.0500,1.00,1.00,6.2187,22,1,191,0,256704,191,191,0,0,927850496,5.6306,0.0482,1.2205,0.6569
1567,35.0939,34.8083,59.3594,8.0271,,false,7,0.008333,2.1203,0.0583,1.00,0.98,7.2447,22,1,191,0,256704,191,191,0,0,927854592,8.0271,0.0654,2.1203,1.1022
1568,35.1527,34.8667,58.3633,8.4367,,false,7,0.008333,1.9428,0.0583,1.00,1.00,7.2747,22,1,191,0,256704,191,191,0,0,927854592,8.4367,0.0845,1.9428,1.4209
1569,35.2020,34.9167,49.4885,8.2691,,false,6,0.008333,1.9822,0.0500,1.00,1.00,6.7632,22,1,191,0,256704,191,191,0,0,927854592,8.2691,0.0746,1.9822,1.1400
1570,35.2607,34.9750,58.7721,8.2364,,false,7,0.008333,2.0702,0.0583,1.00,0.99,7.2019,22,1,191,0,256704,191,191,0,0,927854592,8.2364,0.0690,2.0702,1.1644
1571,35.3103,35.0250,49.7001,8.1508,,false,6,0.008333,2.0422,0.0500,1.00,1.00,6.9020,22,1,191,0,256704,191,191,0,0,927854592,8.1508,0.0738,2.0422,1.1801
1572,35.3702,35.0833,58.5667,9.1710,,false,7,0.008333,1.9735,0.0583,1.00,1.00,7.1353,22,1,191,0,256704,191,191,0,0,927854592,9.1710,0.0698,1.9735,2.7140
1573,35.4183,35.1333,49.7913,7.6979,,false,6,0.008333,1.7887,0.0500,1.00,1.00,6.9266,22,1,191,0,256704,191,191,0,0,927854592,7.6979,0.0704,1.7887,1.1603
1574,35.4708,35.1917,51.4282,8.6851,,false,7,0.008333,2.2747,0.0583,1.00,1.00,0.0214,22,1,191,0,256704,191,191,0,0,927854592,8.6851,0.0629,2.2747,1.1304
1575,35.5241,35.2417,56.5853,5.8943,,false,6,0.008333,1.2436,0.0500,1.00,0.88,6.6067,22,1,191,0,256704,191,191,0,0,927854592,5.8943,0.0735,1.2436,0.8296
1576,35.5826,35.3000,58.1275,6.1774,,false,7,0.008333,1.5364,0.0583,1.00,1.00,6.4010,22,1,191,0,256704,191,191,0,0,927854592,6.1774,0.1490,1.5364,0.8622
1577,35.6365,35.3500,51.0665,8.8461,,false,6,0.008333,1.7665,0.0500,1.00,0.98,7.4675,22,1,191,0,256704,191,191,0,0,927854592,8.8461,0.0679,1.7665,1.1506
1578,35.6941,35.4083,57.9849,8.2373,,false,7,0.008333,2.3712,0.0583,1.00,1.00,7.1190,22,1,191,0,256704,191,191,0,0,927854592,8.2373,0.0540,2.3712,1.0992
1579,35.7461,35.4583,50.2733,9.8815,,false,6,0.008333,1.9155,0.0500,1.00,0.99,7.3924,22,1,191,0,256704,191,191,0,0,927854592,9.8815,0.0797,1.9155,2.7250
1580,35.7997,35.5167,57.7785,6.0939,,false,7,0.008333,1.6365,0.0583,1.00,1.00,6.8376,22,1,191,0,256704,191,191,0,0,927858688,6.0939,0.1225,1.6365,0.7136
1581,35.8498,35.5667,49.3030,6.8492,,false,6,0.008333,1.1307,0.0500,1.00,1.00,6.1406,22,1,191,0,256704,191,191,0,0,927858688,6.8492,0.0584,1.1307,0.6745
1582,35.9122,35.6250,59.3044,9.8305,,false,7,0.008333,2.0103,0.0583,1.00,0.98,7.1117,22,1,191,0,256704,191,191,0,0,927858688,9.8305,0.0640,2.0103,1.1965
1583,35.9612,35.6750,49.9061,8.9376,,false,6,0.008333,2.3754,0.0500,1.00,1.00,7.0178,22,1,191,0,256704,191,191,0,0,927858688,8.9376,0.1016,2.3754,1.3847
1584,36.0198,35.7333,58.4160,9.1489,,false,7,0.008333,2.4572,0.0583,1.00,1.00,7.1004,22,1,191,0,256704,191,191,0,0,927858688,9.1489,0.0601,2.4572,1.1458
1585,36.0681,35.7833,48.7632,8.5199,,false,6,0.008333,2.0234,0.0500,1.00,1.00,5.8636,22,1,191,0,256704,191,191,0,0,927858688,8.5199,0.0819,2.0234,1.2325
1586,36.1277,35.8417,59.6506,8.5442,,false,7,0.008333,1.6157,0.0583,1.00,0.98,7.1809,22,1,191,0,256704,191,191,0,0,927858688,8.5442,0.0548,1.6157,2.4294
1587,36.1750,35.8917,50.4393,5.6312,,false,6,0.008333,1.0592,0.0500,1.00,0.99,7.6202,22,1,191,0,256704,191,191,0,0,927858688,5.6312,0.0547,1.0592,0.6965
1588,36.2347,35.9500,57.2153,7.9471,,false,7,0.008333,1.9115,0.0583,1.00,1.00,6.5022,22,1,191,0,256704,191,191,0,0,927858688,7.9471,0.1007,1.9115,1.2798
1589,36.2884,36.0083,52.2797,9.3151,,false,7,0.008333,2.2536,0.0583,1.00,1.00,0.4486,22,1,191,0,256704,191,191,0,0,927858688,9.3151,0.0696,2.2536,1.1443
1590,36.3438,36.0583,56.5149,8.1682,,false,6,0.008333,2.0230,0.0500,1.00,0.88,6.9635,22,1,191,0,256704,191,191,0,0,927858688,8.1682,0.0752,2.0230,1.1346
1591,36.4029,36.1167,58.8746,8.4200,,false,7,0.008333,2.3907,0.0583,1.00,0.99,7.5048,22,1,191,0,256704,191,191,0,0,927858688,8.4200,0.0593,2.3907,1.1344
1592,36.4519,36.1667,49.3032,8.2031,,false,6,0.008333,1.8362,0.0500,1.00,1.00,6.8079,22,1,191,0,256704,191,191,0,0,927858688,8.2031,0.0641,1.8362,1.0994
1593,36.5056,36.2250,52.0268,9.5505,,false,7,0.008333,2.1468,0.0583,1.00,1.00,0.5015,22,1,191,0,256704,191,191,0,0,927862784,9.5505,0.0783,2.1468,2.6427
1594,36.5607,36.2750,56.4632,8.4717,,false,6,0.008333,1.7592,0.0500,1.00,0.89,6.9647,22,1,191,0,256704,191,191,0,0,927862784,8.4717,0.0985,1.7592,1.2738
1595,36.6120,36.3333,51.5968,8.1452,,false,7,0.008333,2.0615,0.0583,1.00,1.00,0.2281,22,1,191,0,256704,191,191,0,0,927862784,8.1452,0.0617,2.0615,1.1294
1596,36.6692,36.3833,56.8821,8.5050,,false,6,0.008333,2.0835,0.0500,1.00,0.88,7.1103,22,1,191,0,256704,191,191,0,0,927862784,8.5050,0.0661,2.0835,1.1275
1597,36.7280,36.4417,58.3981,8.8282,,false,7,0.008333,2.7795,0.0583,1.00,1.00,7.1750,22,1,191,0,256704,191,191,0,0,927866880,8.8282,0.0834,2.7795,1.2660
1598,36.7779,36.4917,49.7773,9.0446,,false,6,0.008333,1.8210,0.0500,1.00,1.00,6.9523,22,1,191,0,256704,191,191,0,0,927870976,9.0446,0.0916,1.8210,1.5505
1599,36.8364,36.5500,58.5826,8.9043,,false,7,0.008333,2.1206,0.0583,1.00,1.00,7.2015,22,1,191,0,256704,191,191,0,0,927870976,8.9043,0.0708,2.1206,1.1933
1600,36.8895,36.6083,52.5708,9.4339,,false,7,0.008333,1.9137,0.0583,1.00,1.00,1.4390,22,1,191,0,256704,191,191,0,0,927870976,9.4339,0.0615,1.9137,2.7408
1601,36.9443,36.6583,56.6317,7.6962,,false,6,0.008333,1.8384,0.0500,1.00,0.88,8.0707,22,1,191,0,256704,191,191,0,0,927870976,7.6962,0.0581,1.8384,1.1811
1602,37.0036,36.7167,58.0460,8.7711,,false,7,0.008333,2.0078,0.0583,1.00,1.00,7.7834,22,1,191,0,256704,191,191,0,0,927870976,8.7711,0.0865,2.0078,1.5130
1603,37.0535,36.7667,50.0498,8.7350,,false,6,0.008333,1.9339,0.0500,1.00,1.00,7.8332,22,1,191,0,256704,191,191,0,0,927870976,8.7350,0.0688,1.9339,1.1399
1604,37.1122,36.8250,58.1777,9.1625,,false,7,0.008333,2.3891,0.0583,1.00,1.00,7.6776,22,1,191,0,256704,191,191,0,0,927875072,9.1625,0.1247,2.3891,1.1603
1605,37.1701,36.8833,58.6912,8.4284,,false,7,0.008333,2.2529,0.0583,1.00,0.99,8.0354,22,1,191,0,256704,191,191,0,0,927875072,8.4284,0.0809,2.2529,1.4102
1606,37.2181,36.9333,49.2352,7.3471,,false,6,0.008333,1.6565,0.0500,1.00,1.00,7.2706,22,1,191,0,256704,191,191,0,0,927879168,7.3471,0.0561,1.6565,1.0406
1607,37.2760,36.9917,58.9001,6.3181,,false,7,0.008333,1.1112,0.0583,1.00,0.99,7.8374,22,1,191,0,256704,191,191,0,0,927879168,6.3181,0.0640,1.1112,1.4829
1608,37.3267,37.0500,50.8352,5.9886,,false,7,0.008333,1.5148,0.0583,1.00,1.00,0.3392,22,1,191,0,256704,191,191,0,0,927879168,5.9886,0.0536,1.5148,0.7555
1609,37.3830,37.1000,56.9180,5.6231,,false,6,0.008333,0.9893,0.0500,1.00,0.88,7.2572,22,1,191,0,256704,191,191,0,0,927879168,5.6231,0.0564,0.9893,0.7253
1610,37.4383,37.1583,52.0940,8.6347,,false,7,0.008333,2.1497,0.0583,1.00,1.00,1.0179,22,1,191,0,256704,191,191,0,0,927879168,8.6347,0.0766,2.1497,1.1287
1611,37.4950,37.2083,56.6506,8.6733,,false,6,0.008333,1.9037,0.0500,1.00,0.88,7.6684,22,1,191,0,256704,191,191,0,0,927895552,8.6733,0.0996,1.9037,1.2242
1612,37.5525,37.2667,58.1721,8.0527,,false,7,0.008333,2.3152,0.0583,1.00,1.00,7.5072,22,1,191,0,256704,191,191,0,0,927895552,8.0527,0.0613,2.3152,1.1183
1613,37.6037,37.3167,50.6218,8.6302,,false,6,0.008333,1.7416,0.0500,1.00,0.99,8.1290,22,1,191,0,256704,191,191,0,0,927895552,8.6302,0.0680,1.7416,1.2118
1614,37.6646,37.3750,58.1157,11.3197,,false,7,0.008333,2.0826,0.0583,1.00,1.00,7.9113,22,1,191,0,256704,191,191,0,0,927895552,11.3197,0.0996,2.0826,2.8242
1615,37.7174,37.4333,57.9326,6.4913,,false,7,0.008333,1.3490,0.0583,1.00,1.00,7.5106,22,1,191,0,256704,191,191,0,0,927895552,6.4913,0.0655,1.3490,0.7753
1616,37.7750,37.4917,57.9814,6.0109,,false,7,0.008333,1.1574,0.0583,1.00,1.00,7.1587,22,1,191,0,256704,191,191,0,0,927895552,6.0109,0.0404,1.1574,0.6230
1617,37.8273,37.5417,49.8387,8.3166,,false,6,0.008333,2.0254,0.0500,1.00,1.00,6.9974,22,1,191,0,256704,191,191,0,0,927895552,8.3166,0.0710,2.0254,1.1415
1618,37.8869,37.6083,60.1297,7.9289,,false,8,0.008333,2.1422,0.0667,1.00,1.00,0.4605,22,1,191,0,256704,191,191,0,0,927895552,7.9289,0.0596,2.1422,1.1012
1619,37.9354,37.6500,48.1754,8.2705,,false,5,0.008333,1.6794,0.0417,1.00,0.86,6.9692,22,1,191,0,256704,191,191,0,0,927899648,8.2705,0.0650,1.6794,1.1197
1620,37.9913,37.7083,58.1809,6.0885,,false,7,0.008333,1.4626,0.0583,1.00,1.00,6.8168,22,1,191,0,256704,191,191,0,0,927899648,6.0885,0.0588,1.4626,0.9042
1621,38.0445,37.7583,49.8379,9.3653,,false,6,0.008333,1.7360,0.0500,1.00,1.00,6.6546,22,1,191,0,256704,191,191,0,0,927899648,9.3653,0.0976,1.7360,2.7004
1622,38.1027,37.8167,59.0015,8.5071,,false,7,0.008333,2.0093,0.0583,1.00,0.99,7.3228,22,1,191,0,256704,191,191,0,0,927899648,8.5071,0.0627,2.0093,1.2161
1623,38.1520,37.8667,49.4644,8.2192,,false,6,0.008333,2.0258,0.0500,1.00,1.00,6.7872,22,1,191,0,256704,191,191,0,0,927899648,8.2192,0.0604,2.0258,1.0995
1624,38.2103,37.9250,58.6581,8.0233,,false,7,0.008333,2.1209,0.0583,1.00,0.99,7.1120,22,1,191,0,256704,191,191,0,0,927899648,8.0233,0.0569,2.1209,1.1062
1625,38.2596,37.9750,49.8619,7.2831,,false,6,0.008333,1.5270,0.0500,1.00,1.00,6.9739,22,1,191,0,256704,191,191,0,0,927899648,7.2831,0.0603,1.5270,1.0704
1626,38.3077,38.0250,50.3918,5.4121,,false,6,0.008333,1.0606,0.0500,1.00,0.99,7.3656,22,1,191,0,256704,191,191,0,0,927899648,5.4121,0.0564,1.0606,0.7177
1627,38.3691,38.0833,58.3215,7.9543,,false,7,0.008333,2.0586,0.0583,1.00,1.00,7.3538,22,1,191,0,256704,191,191,0,0,927899648,7.9543,0.1249,2.0586,1.1158
1628,38.4221,38.1417,51.1285,9.8923,,false,7,0.008333,1.8497,0.0583,1.00,1.00,0.1489,22,1,191,0,256704,191,191,0,0,927903744,9.8923,0.0743,1.8497,2.8863
1629,38.4775,38.1917,57.0153,8.3693,,false,6,0.008333,1.8672,0.0500,1.00,0.88,7.1642,22,1,191,0,256704,191,191,0,0,927903744,8.3693,0.0599,1.8672,1.3239
1630,38.5287,38.2417,50.9448,8.6066,,false,6,0.008333,1.6831,0.0500,1.00,0.98,8.1091,22,1,191,0,256704,191,191,0,0,927903744,8.6066,0.0855,1.6831,1.1775
1631,38.5821,38.3000,56.6669,5.4808,,false,7,0.008333,1.2886,0.0583,1.00,1.00,6.4426,22,1,191,0,256704,191,191,0,0,927903744,5.4808,0.0546,1.2886,0.6759
1632,38.6419,38.3583,59.3709,5.8022,,false,7,0.008333,1.1964,0.0583,1.00,0.98,7.4802,22,1,191,0,256704,191,191,0,0,927907840,5.8022,0.0652,1.1964,0.8614
1633,38.6933,38.4083,48.8716,8.2614,,false,6,0.008333,2.0264,0.0500,1.00,1.00,6.3518,22,1,191,0,256704,191,191,0,0,927907840,8.2614,0.0684,2.0264,1.1158
1634,38.7514,38.4667,59.9328,6.4995,,false,7,0.008333,1.4220,0.0583,1.00,0.97,7.9513,22,1,191,0,256704,191,191,0,0,927907840,6.4995,0.0438,1.4220,0.6849
1635,38.8036,38.5167,49.2122,9.4518,,false,6,0.008333,1.8402,0.0500,1.00,1.00,7.1635,22,1,191,0,256704,191,191,0,0,927907840,9.4518,0.0947,1.8402,2.6335
1636,38.8603,38.5750,58.4209,7.7496,,false,7,0.008333,1.9800,0.0583,1.00,1.00,7.2510,22,1,191,0,256704,191,191,0,0,927907840,7.7496,0.0662,1.9800,1.1258
1637,38.9112,38.6250,49.9181,8.7834,,false,6,0.008333,2.4595,0.0500,1.00,1.00,7.1691,22,1,191,0,256704,191,191,0,0,927907840,8.7834,0.0677,2.4595,1.1970
1638,38.9693,38.6833,58.4288,8.3620,,false,7,0.008333,2.4053,0.0583,1.00,1.00,7.2646,22,1,191,0,256704,191,191,0,0,927907840,8.3620,0.0571,2.4053,1.0988
1639,39.0193,38.7333,49.7602,8.5843,,false,6,0.008333,1.7272,0.0500,1.00,1.00,7.0248,22,1,191,0,256704,191,191,0,0,927907840,8.5843,0.0683,1.7272,1.2844
1640,39.0781,38.7917,58.9680,8.0619,,false,7,0.008333,2.0871,0.0583,1.00,0.99,7.6594,22,1,191,0,256704,191,191,0,0,927907840,8.0619,0.0557,2.0871,1.0874
1641,39.1270,38.8417,49.3736,8.0287,,false,6,0.008333,1.8488,0.0500,1.00,1.00,7.0331,22,1,191,0,256704,191,191,0,0,927907840,8.0287,0.0618,1.8488,1.1195
1642,39.1883,38.9000,59.0272,10.2643,,false,7,0.008333,2.6192,0.0583,1.00,0.99,7.7270,22,1,191,0,256704,191,191,0,0,927907840,10.2643,0.0637,2.6192,2.7577
1643,39.2358,38.9500,49.4943,8.3421,,false,6,0.008333,1.7792,0.0500,1.00,1.00,7.2213,22,1,191,0,256704,191,191,0,0,927907840,8.3421,0.0694,1.7792,1.1411
1644,39.2945,39.0083,58.6355,8.2839,,false,7,0.008333,2.1389,0.0583,1.00,0.99,7.5234,22,1,191,0,256704,191,191,0,0,927907840,8.2839,0.0682,2.1389,1.1389
1645,39.3449,39.0583,49.2618,9.4912,,false,6,0.008333,2.2884,0.0500,1.00,1.00,6.7853,22,1,191,0,256704,191,191,0,0,927911936,9.4912,0.0966,2.2884,1.5051
1646,39.4017,39.1167,58.6639,7.8266,,false,7,0.008333,2.0148,0.0583,1.00,0.99,7.1159,22,1,191,0,256704,191,191,0,0,927911936,7.8266,0.0590,2.0148,1.1360
1647,39.4516,39.1667,49.5039,8.0198,,false,6,0.008333,1.8556,0.0500,1.00,1.00,6.6198,22,1,191,0,256704,191,191,0,0,927911936,8.0198,0.0665,1.8556,1.1354
1648,39.5101,39.2250,59.0564,7.5224,,false,7,0.008333,1.9475,0.0583,1.00,0.99,7.3429,22,1,191,0,256704,191,191,0,0,927911936,7.5224,0.0574,1.9475,1.1145
1649,39.5620,39.2750,49.6790,9.6644,,false,6,0.008333,1.9552,0.0500,1.00,1.00,7.0219,22,1,191,0,256704,191,191,0,0,927911936,9.6644,0.0829,1.9552,2.7201
1650,39.6126,39.3333,51.6285,8.6335,,false,7,0.008333,2.6063,0.0583,1.00,1.00,0.3171,22,1,191,0,256704,191,191,0,0,927911936,8.6335,0.0768,2.6063,1.1717
1651,39.6685,39.3833,56.9058,7.7671,,false,6,0.008333,1.7228,0.0500,1.00,0.88,7.2229,22,1,191,0,256704,191,191,0,0,927911936,7.7671,0.0630,1.7228,1.1097
1652,39.7279,39.4417,58.6351,8.3738,,false,7,0.008333,2.1968,0.0583,1.00,0.99,7.5247,22,1,191,0,256704,191,191,0,0,927911936,8.3738,0.0620,2.1968,1.1160
1653,39.7770,39.4917,50.4858,6.9321,,false,6,0.008333,1.7619,0.0500,1.00,0.99,8.0105,22,1,191,0,256704,191,191,0,0,927911936,6.9321,0.0477,1.7619,0.6175
1654,39.8294,39.5500,50.7025,8.6540,,false,7,0.008333,1.9640,0.0583,1.00,1.00,0.3797,22,1,191,0,256704,191,191,0,0,927911936,8.6540,0.0717,1.9640,1.1367
1655,39.8832,39.6000,56.5922,6.1518,,false,6,0.008333,1.1936,0.0500,1.00,0.88,6.9719,22,1,191,0,256704,191,191,0,0,927911936,6.1518,0.0674,1.1936,0.7895
1656,39.9386,39.6583,51.5622,9.7265,,false,7,0.008333,2.2067,0.0583,1.00,1.00,0.2008,22,1,191,0,256704,191,191,0,0,927911936,9.7265,0.0967,2.2067,2.6721
1657,39.9946,39.7083,57.2353,8.4883,,false,6,0.008333,2.1040,0.0500,1.00,0.87,7.4361,22,1,191,0,256704,191,191,0,0,927911936,8.4883,0.0621,2.1040,1.1605
1658,40.0450,39.7583,50.8008,8.0958,,false,6,0.008333,1.9420,0.0500,1.00,0.98,8.2369,22,1,191,0,256704,191,191,0,0,927911936,8.0958,0.0643,1.9420,1.1398
1659,40.1036,39.8167,57.5498,9.2834,,false,7,0.008333,2.5638,0.0583,1.00,1.00,7.4533,22,1,191,0,256704,191,191,0,0,927916032,9.2834,0.0605,2.5638,1.1662
1660,40.1532,39.8750,51.0472,7.8246,,false,7,0.008333,1.8394,0.0583,1.00,1.00,0.1672,22,1,191,0,256704,191,191,0,0,927916032,7.8246,0.0708,1.8394,1.1543
1661,40.2102,39.9250,57.1018,7.5518,,false,6,0.008333,1.7939,0.0500,1.00,0.88,7.2690,22,1,191,0,256704,191,191,0,0,927916032,7.5518,0.0614,1.7939,1.1356
1662,40.2615,39.9750,50.9722,7.9562,,false,6,0.008333,1.7784,0.0500,1.00,0.98,8.2412,22,1,191,0,256704,191,191,0,0,927916032,7.9562,0.0727,1.7784,1.1547
1663,40.3201,40.0333,57.4295,9.1473,,false,7,0.008333,1.9303,0.0583,1.00,1.00,7.3374,22,1,191,0,256704,191,191,0,0,927916032,9.1473,0.0708,1.9303,2.7229
1664,40.3774,40.0917,58.1647,8.2756,,false,7,0.008333,2.1139,0.0583,1.00,1.00,7.1688,22,1,191,0,256704,191,191,0,0,927916032,8.2756,0.0713,2.1139,1.0985
1665,40.4274,40.1417,49.8337,8.3883,,false,6,0.008333,1.6346,0.0500,1.00,1.00,7.0025,22,1,191,0,256704,191,191,0,0,927916032,8.3883,0.0894,1.6346,1.5170
1666,40.4795,40.2000,51.6575,8.7100,,false,7,0.008333,2.4356,0.0583,1.00,1.00,0.3266,22,1,191,0,256704,191,191,0,0,927916032,8.7100,0.0710,2.4356,1.1876
1667,40.5353,40.2500,56.6950,8.1047,,false,6,0.008333,2.0187,0.0500,1.00,0.88,7.0215,22,1,191,0,256704,191,191,0,0,927916032,8.1047,0.0650,2.0187,1.1072
1668,40.5940,40.3083,58.5867,8.1302,,false,7,0.008333,2.0931,0.0583,1.00,1.00,7.2749,22,1,191,0,256704,191,191,0,0,927916032,8.1302,0.0624,2.0931,1.0967
1669,40.6449,40.3583,49.5143,9.3102,,false,6,0.008333,1.6989,0.0500,1.00,1.00,6.7891,22,1,191,0,256704,191,191,0,0,927916032,9.3102,0.0931,1.6989,1.5397
1670,40.7035,40.4167,58.8568,9.3289,,false,7,0.008333,2.1516,0.0583,1.00,0.99,7.3126,22,1,191,0,256704,191,191,0,0,927916032,9.3289,0.0821,2.1516,2.6927
1671,40.7497,40.4667,49.2837,6.2619,,false,6,0.008333,1.1763,0.0500,1.00,1.00,6.5962,22,1,191,0,256704,191,191,0,0,927916032,6.2619,0.0652,1.1763,0.7796
1672,40.8107,40.5250,59.2477,7.8728,,false,7,0.008333,2.1116,0.0583,1.00,0.98,7.5106,22,1,191,0,256704,191,191,0,0,927920128,7.8728,0.0667,2.1116,1.1451
1673,40.8620,40.5833,51.2370,8.0030,,false,7,0.008333,1.9690,0.0583,1.00,1.00,0.4143,22,1,191,0,256704,191,191,0,0,927920128,8.0030,0.1210,1.9690,1.1087
1674,40.9193,40.6333,57.4535,7.9372,,false,6,0.008333,2.0402,0.0500,1.00,0.87,7.8678,22,1,191,0,256704,191,191,0,0,927920128,7.9372,0.0599,2.0402,1.1316
1675,40.9662,40.6833,49.0377,5.9109,,false,6,0.008333,1.4338,0.0500,1.00,1.00,6.9054,22,1,191,0,256704,191,191,0,0,927920128,5.9109,0.0671,1.4338,0.6803
1676,41.0279,40.7417,59.2995,7.8168,,false,7,0.008333,1.7708,0.0583,1.00,0.98,7.8716,22,1,191,0,256704,191,191,0,0,927920128,7.8168,0.0605,1.7708,1.1060
1677,41.0776,40.7917,50.0008,7.8553,,false,6,0.008333,1.7037,0.0500,1.00,1.00,7.8723,22,1,191,0,256704,191,191,0,0,927920128,7.8553,0.0459,1.7037,2.5505
1678,41.1364,40.8500,58.2472,8.3585,,false,7,0.008333,2.2123,0.0583,1.00,1.00,7.7862,22,1,191,0,256704,191,191,0,0,927920128,8.3585,0.0762,2.2123,1.4103
1679,41.1861,40.9000,49.6305,8.4454,,false,6,0.008333,1.9599,0.0500,1.00,1.00,7.4167,22,1,191,0,256704,191,191,0,0,927920128,8.4454,0.0671,1.9599,1.1150
1680,41.2430,40.9583,58.3215,6.9332,,false,7,0.008333,1.6705,0.0583,1.00,1.00,7.4048,22,1,191,0,256704,191,191,0,0,927928320,6.9332,0.0573,1.6705,1.0122
1681,41.2912,41.0083,49.9096,5.4579,,false,6,0.008333,1.0180,0.0500,1.00,1.00,7.3144,22,1,191,0,256704,191,191,0,0,927928320,5.4579,0.0711,1.0180,0.8429
1682,41.3526,41.0667,59.1215,7.5846,,false,7,0.008333,2.0174,0.0583,1.00,0.99,8.1026,22,1,191,0,256704,191,191,0,0,927928320,7.5846,0.0617,2.0174,1.1069
1683,41.4020,41.1167,49.6333,7.2923,,false,6,0.008333,1.5773,0.0500,1.00,1.00,7.7360,22,1,191,0,256704,191,191,0,0,927928320,7.2923,0.0583,1.5773,1.0995
1684,41.4640,41.1750,58.4976,10.8837,,false,7,0.008333,2.1016,0.0583,1.00,1.00,7.9002,22,1,191,0,256704,191,191,0,0,927928320,10.8837,0.0663,2.1016,2.8308
1685,41.5123,41.2333,50.8708,8.2493,,false,7,0.008333,2.0794,0.0583,1.00,1.00,0.4376,22,1,191,0,256704,191,191,0,0,927932416,8.2493,0.0625,2.0794,1.1677
1686,41.5669,41.2833,57.0434,5.9440,,false,6,0.008333,1.2923,0.0500,1.00,0.88,7.4810,22,1,191,0,256704,191,191,0,0,927932416,5.9440,0.0535,1.2923,0.9597
1687,41.6177,41.3333,50.5807,6.2014,,false,6,0.008333,1.1250,0.0500,1.00,0.99,8.0617,22,1,191,0,256704,191,191,0,0,927932416,6.2014,0.0950,1.1250,1.0358
1688,41.6789,41.3917,57.9659,9.2910,,false,7,0.008333,2.5876,0.0583,1.00,1.00,7.6943,22,1,191,0,256704,191,191,0,0,927932416,9.2910,0.0812,2.5876,1.7233
1689,41.7378,41.4583,59.3559,8.7900,,false,8,0.008333,2.0747,0.0667,1.00,1.00,0.3836,22,1,191,0,256704,191,191,0,0,927932416,8.7900,0.0611,2.0747,1.1028
1690,41.7869,41.5000,48.9723,8.7538,,false,5,0.008333,1.9158,0.0417,1.00,0.85,7.6892,22,1,191,0,256704,191,191,0,0,927932416,8.7538,0.1546,1.9158,1.5143
1691,41.8490,41.5667,60.0519,10.9895,,false,8,0.008333,2.5818,0.0667,1.00,1.00,1.0745,22,1,191,0,256704,191,191,0,0,927932416,10.9895,0.0884,2.5818,3.4873
1692,41.8955,41.6083,48.1879,9.2641,,false,5,0.008333,1.8664,0.0417,1.00,0.86,7.5957,22,1,191,0,256704,191,191,0,0,927932416,9.2641,0.1070,1.8664,1.5299
1693,41.9544,41.6667,58.5939,9.3969,,false,7,0.008333,2.1680,0.0583,1.00,1.00,7.8563,22,1,191,0,256704,191,191,0,0,927932416,9.3969,0.0791,2.1680,1.5657
1694,42.0179,41.7333,61.3241,11.2751,,false,8,0.008333,3.1815,0.0667,1.00,1.00,2.5138,22,1,191,0,256704,191,191,0,0,927932416,11.2751,0.0839,3.1815,1.4898
1695,42.0775,41.7833,51.5661,18.7323,,false,6,0.008333,2.2141,0.0500,1.00,0.97,4.0799,22,1,191,0,256704,191,191,0,0,927932416,18.7323,0.0858,2.2141,1.4186
1696,42.1387,41.8500,62.8975,16.5808,,false,8,0.008333,2.6200,0.0667,1.00,1.00,0.3108,22,1,191,0,256704,191,191,0,0,927932416,16.5808,0.0810,2.6200,1.0570
1697,42.1825,41.9000,55.4533,6.6537,,false,6,0.008333,1.4483,0.0500,1.00,0.90,5.7641,22,1,191,0,256704,191,191,0,0,927932416,6.6537,0.0855,1.4483,0.9619
1698,42.2458,41.9583,60.0340,9.6422,,false,7,0.008333,1.5102,0.0583,1.00,0.97,7.4647,22,1,191,0,256704,191,191,0,0,927936512,9.6422,0.1726,1.5102,2.7249
1699,42.3025,42.0167,56.5052,9.8116,,false,7,0.008333,2.6670,0.0583,1.00,1.00,5.6365,22,1,191,0,256704,191,191,0,0,927936512,9.8116,0.0791,2.6670,1.6300
1700,42.3506,42.0667,49.9379,8.0868,,false,6,0.008333,1.7942,0.0500,1.00,1.00,5.5744,22,1,191,0,256704,191,191,0,0,927936512,8.0868,0.0713,1.7942,1.1535
1701,42.4096,42.1250,58.0122,9.1055,,false,7,0.008333,2.4041,0.0583,1.00,1.00,5.2534,22,1,191,0,256704,191,191,0,0,927936512,9.1055,0.0633,2.4041,1.2369
1702,42.4624,42.1750,50.0986,11.6097,,false,6,0.008333,1.9150,0.0500,1.00,1.00,5.3519,22,1,191,0,256704,191,191,0,0,927936512,11.6097,0.0724,1.9150,1.2048
1703,42.5186,42.2333,58.3831,9.2948,,false,7,0.008333,2.0056,0.0583,1.00,1.00,5.4018,22,1,191,0,256704,191,191,0,0,927936512,9.2948,0.0864,2.0056,1.1824
1704,42.5770,42.2917,58.4316,9.4825,,false,7,0.008333,2.2203,0.0583,1.00,1.00,5.5000,22,1,191,0,256704,191,191,0,0,927936512,9.4825,0.0691,2.2203,1.2905
1705,42.6306,42.3417,50.1770,12.8381,,false,6,0.008333,2.0465,0.0500,1.00,1.00,5.6770,22,1,191,0,256704,191,191,0,0,927936512,12.8381,0.0832,2.0465,2.8467
1706,42.6808,42.4000,57.3785,5.9200,,false,7,0.008333,1.1629,0.0583,1.00,1.00,4.7222,22,1,191,0,256704,191,191,0,0,927936512,5.9200,0.0549,1.1629,0.7373
1707,42.7437,42.4583,59.0388,9.5107,,false,7,0.008333,2.1283,0.0583,1.00,0.99,5.4277,22,1,191,0,256704,191,191,0,0,927936512,9.5107,0.1001,2.1283,1.4399
1708,42.8017,42.5167,58.5010,9.1567,,false,7,0.008333,2.6737,0.0583,1.00,1.00,5.5954,22,1,191,0,256704,191,191,0,0,927936512,9.1567,0.0762,2.6737,1.5018
1709,42.8543,42.5667,51.6759,9.9698,,false,6,0.008333,1.7498,0.0500,1.00,0.97,7.2712,22,1,191,0,256704,191,191,0,0,927936512,9.9698,0.1020,1.7498,1.4609
1710,42.9108,42.6250,58.1923,8.3872,,false,7,0.008333,1.9083,0.0583,1.00,1.00,7.1302,22,1,191,0,256704,191,191,0,0,927936512,8.3872,0.0733,1.9083,1.1723
1711,42.9691,42.6833,58.3344,8.2935,,false,7,0.008333,2.1275,0.0583,1.00,1.00,7.1313,22,1,191,0,256704,191,191,0,0,927940608,8.2935,0.0621,2.1275,1.1662
1712,43.0208,42.7333,48.6603,11.4261,,false,6,0.008333,2.1199,0.0500,1.00,1.00,5.7916,22,1,191,0,256704,191,191,0,0,927940608,11.4261,0.1053,2.1199,3.5153
1713,43.0766,42.7917,59.0609,7.9956,,false,7,0.008333,2.1268,0.0583,1.00,0.99,6.5192,22,1,191,0,256704,191,191,0,0,927940608,7.9956,0.0559,2.1268,1.2033
1714,43.1273,42.8417,50.0673,8.7955,,false,6,0.008333,2.0461,0.0500,1.00,1.00,6.5865,22,1,191,0,256704,191,191,0,0,927940608,8.7955,0.0773,2.0461,1.1659
1715,43.1854,42.9000,57.8225,9.0002,,false,7,0.008333,2.1726,0.0583,1.00,1.00,6.0757,22,1,191,0,256704,191,191,0,0,927940608,9.0002,0.1011,2.1726,1.4493
1716,43.2436,42.9583,58.6138,8.6167,,false,7,0.008333,1.9159,0.0583,1.00,1.00,6.3561,22,1,191,0,256704,191,191,0,0,927940608,8.6167,0.0645,1.9159,1.1516
1717,43.2928,43.0083,49.9310,7.9083,,false,6,0.008333,1.7963,0.0500,1.00,1.00,6.2871,22,1,191,0,256704,191,191,0,0,927940608,7.9083,0.0753,1.7963,1.1317
1718,43.3514,43.0667,58.1316,8.4146,,false,7,0.008333,2.0750,0.0583,1.00,1.00,6.0853,22,1,191,0,256704,191,191,0,0,927940608,8.4146,0.0747,2.0750,1.1467
1719,43.3994,43.1167,49.5660,7.1446,,false,6,0.008333,0.9589,0.0500,1.00,1.00,5.6514,22,1,191,0,256704,191,191,0,0,927940608,7.1446,0.0589,0.9589,1.5915
1720,43.4604,43.1750,58.7126,9.1795,,false,7,0.008333,2.8824,0.0583,1.00,0.99,6.0306,22,1,191,0,256704,191,191,0,0,927940608,9.1795,0.0714,2.8824,1.3269
1721,43.5092,43.2250,49.9472,7.8948,,false,6,0.008333,1.5382,0.0500,1.00,1.00,5.9778,22,1,191,0,256704,191,191,0,0,927940608,7.8948,0.0668,1.5382,1.1241
1722,43.5683,43.2833,58.3104,8.7737,,false,7,0.008333,2.1882,0.0583,1.00,1.00,5.9549,22,1,191,0,256704,191,191,0,0,927940608,8.7737,0.0596,2.1882,1.2880
1723,43.6175,43.3333,49.6202,8.6657,,false,6,0.008333,1.2626,0.0500,1.00,1.00,5.5751,22,1,191,0,256704,191,191,0,0,927940608,8.6657,0.0837,1.2626,1.1505
1724,43.6735,43.3917,58.2118,6.1720,,false,7,0.008333,1.2615,0.0583,1.00,1.00,5.4536,22,1,191,0,256704,191,191,0,0,927944704,6.1720,0.0653,1.2615,0.6578
1725,43.7269,43.4417,50.8370,8.6946,,false,6,0.008333,2.1142,0.0500,1.00,0.98,6.2906,22,1,191,0,256704,191,191,0,0,927944704,8.6946,0.0798,2.1142,1.2469
1726,43.7898,43.5000,57.5852,14.0117,,false,7,0.008333,2.9190,0.0583,1.00,1.00,5.5425,22,1,191,0,256704,191,191,0,0,927944704,14.0117,0.0772,2.9190,2.7860
1727,43.8430,43.5583,60.0954,7.1766,,false,7,0.008333,1.6357,0.0583,1.00,0.97,7.3045,22,1,191,0,256704,191,191,0,0,927944704,7.1766,0.0527,1.6357,0.9052
1728,43.8891,43.6083,47.7470,5.7297,,false,6,0.008333,1.1935,0.0500,1.00,1.00,5.0516,22,1,191,0,256704,191,191,0,0,927944704,5.7297,0.0563,1.1935,0.6922
1729,43.9519,43.6667,59.1145,9.1076,,false,7,0.008333,2.5158,0.0583,1.00,0.99,5.8327,22,1,191,0,256704,191,191,0,0,927944704,9.1076,0.0705,2.5158,1.1358
1730,44.0021,43.7167,50.0505,9.1263,,false,6,0.008333,1.8529,0.0500,1.00,1.00,5.8832,22,1,191,0,256704,191,191,0,0,927944704,9.1263,0.1037,1.8529,1.5127
1731,44.0628,43.7750,58.4952,11.2895,,false,7,0.008333,2.7385,0.0583,1.00,1.00,6.0450,22,1,191,0,256704,191,191,0,0,927944704,11.2895,0.0853,2.7385,1.5076
1732,44.1198,43.8333,59.7667,8.7810,,false,7,0.008333,2.1490,0.0583,1.00,0.98,7.4784,22,1,191,0,256704,191,191,0,0,927948800,8.7810,0.0754,2.1490,1.1872
1733,44.1816,43.8917,56.8703,12.4766,,false,7,0.008333,2.1090,0.0583,1.00,1.00,6.0154,22,1,191,0,256704,191,191,0,0,927948800,12.4766,0.1002,2.1090,3.2100
1734,44.2372,43.9500,58.2400,10.8390,,false,7,0.008333,2.2213,0.0583,1.00,1.00,5.9220,22,1,191,0,256704,191,191,0,0,927948800,10.8390,0.1529,2.2213,1.2742
1735,44.2945,44.0083,58.2029,9.9590,,false,7,0.008333,2.1474,0.0583,1.00,1.00,5.7916,22,1,191,0,256704,191,191,0,0,927948800,9.9590,0.0883,2.1474,1.4816
1736,44.3522,44.0667,58.1954,9.5598,,false,7,0.008333,1.9801,0.0583,1.00,1.00,5.6537,22,1,191,0,256704,191,191,0,0,927948800,9.5598,0.0749,1.9801,1.2375
1737,44.4104,44.1250,58.4534,9.2990,,false,7,0.008333,2.2272,0.0583,1.00,1.00,5.7738,22,1,191,0,256704,191,191,0,0,927952896,9.2990,0.0734,2.2272,1.2015
1738,44.4687,44.1833,58.6124,8.9554,,false,7,0.008333,2.6295,0.0583,1.00,1.00,6.0528,22,1,191,0,256704,191,191,0,0,927952896,8.9554,0.0670,2.6295,1.3834
1739,44.5197,44.2333,50.0458,9.9335,,false,6,0.008333,1.9045,0.0500,1.00,1.00,6.0987,22,1,191,0,256704,191,191,0,0,927952896,9.9335,0.0732,1.9045,1.1731
1740,44.5793,44.2917,58.3571,10.7990,,false,7,0.008333,2.2223,0.0583,1.00,1.00,6.1224,22,1,191,0,256704,191,191,0,0,927952896,10.7990,0.0969,2.2223,2.7125
1741,44.6353,44.3500,57.9937,9.1245,,false,7,0.008333,2.0601,0.0583,1.00,1.00,5.7828,22,1,191,0,256704,191,191,0,0,927952896,9.1245,0.0752,2.0601,1.2177
1742,44.6940,44.4083,58.2727,9.5910,,false,7,0.008333,2.2059,0.0583,1.00,1.00,5.7222,22,1,191,0,256704,191,191,0,0,927952896,9.5910,0.0917,2.2059,1.4574
1743,44.7516,44.4667,58.2168,9.0671,,false,7,0.008333,1.9193,0.0583,1.00,1.00,5.6057,22,1,191,0,256704,191,191,0,0,927952896,9.0671,0.1026,1.9193,1.5062
1744,44.8096,44.5250,58.4370,8.5523,,false,7,0.008333,2.1853,0.0583,1.00,1.00,5.7094,22,1,191,0,256704,191,191,0,0,927952896,8.5523,0.0705,2.1853,1.1972
1745,44.8593,44.5750,49.8247,8.4388,,false,6,0.008333,1.9350,0.0500,1.00,1.00,5.5341,22,1,191,0,256704,191,191,0,0,927952896,8.4388,0.0723,1.9350,1.1798
1746,44.9100,44.6250,50.1672,8.8685,,false,6,0.008333,1.9038,0.0500,1.00,1.00,5.7013,22,1,191,0,256704,191,191,0,0,927952896,8.8685,0.0730,1.9038,1.2181
1747,44.9704,44.6833,58.2741,11.1015,,false,7,0.008333,2.1142,0.0583,1.00,1.00,5.6421,22,1,191,0,256704,191,191,0,0,927952896,11.1015,0.0626,2.1142,3.1182
1748,45.0190,44.7333,50.1824,9.4741,,false,6,0.008333,2.3235,0.0500,1.00,1.00,5.8245,22,1,191,0,256704,191,191,0,0,927952896,9.4741,0.0812,2.3235,1.3346
1749,45.0788,44.7917,58.4192,10.9266,,false,7,0.008333,2.4714,0.0583,1.00,1.00,5.9103,22,1,191,0,256704,191,191,0,0,927952896,10.9266,0.0688,2.4714,1.1351
1750,45.1341,44.8500,57.9731,8.2357,,false,7,0.008333,2.2439,0.0583,1.00,1.00,5.5500,22,1,191,0,256704,191,191,0,0,927956992,8.2357,0.0688,2.2439,1.1801
1751,45.1845,44.9000,50.1786,8.6065,,false,6,0.008333,1.9482,0.0500,1.00,1.00,5.7286,22,1,191,0,256704,191,191,0,0,927956992,8.6065,0.0813,1.9482,1.2915
1752,45.2431,44.9583,58.4361,8.6657,,false,7,0.008333,2.0025,0.0583,1.00,1.00,5.8314,22,1,191,0,256704,191,191,0,0,927956992,8.6657,0.0737,2.0025,1.2714
1753,45.2937,45.0083,49.7921,9.3973,,false,6,0.008333,2.3604,0.0500,1.00,1.00,5.6235,22,1,191,0,256704,191,191,0,0,927956992,9.3973,0.0770,2.3604,1.1727
1754,45.3533,45.0667,58.3616,10.4139,,false,7,0.008333,1.9305,0.0583,1.00,1.00,5.6517,22,1,191,0,256704,191,191,0,0,927956992,10.4139,0.0730,1.9305,3.0622
1755,45.4043,45.1167,50.7430,9.1759,,false,6,0.008333,2.1600,0.0500,1.00,0.99,6.3947,22,1,191,0,256704,191,191,0,0,927956992,9.1759,0.1031,2.1600,1.2294
1756,45.4610,45.1750,57.6065,10.0652,,false,7,0.008333,2.6888,0.0583,1.00,1.00,5.6679,22,1,191,0,256704,191,191,0,0,927956992,10.0652,0.1142,2.6888,1.1108
1757,45.5090,45.2250,49.6593,8.1359,,false,6,0.008333,2.0011,0.0500,1.00,1.00,5.3271,22,1,191,0,256704,191,191,0,0,927956992,8.1359,0.0939,2.0011,1.1505
1758,45.5679,45.2833,58.7750,8.4494,,false,7,0.008333,2.1887,0.0583,1.00,0.99,5.7688,22,1,191,0,256704,191,191,0,0,927956992,8.4494,0.0606,2.1887,1.3104
1759,45.6175,45.3333,50.0086,8.2464,,false,6,0.008333,1.7750,0.0500,1.00,1.00,5.7774,22,1,191,0,256704,191,191,0,0,927956992,8.2464,0.0783,1.7750,1.2078
1760,45.6731,45.3917,57.8743,6.1090,,false,7,0.008333,1.4606,0.0583,1.00,1.00,5.3184,22,1,191,0,256704,191,191,0,0,927956992,6.1090,0.0767,1.4606,0.8296
1761,45.7280,45.4417,50.4182,10.2055,,false,6,0.008333,2.0235,0.0500,1.00,0.99,5.7367,22,1,191,0,256704,191,191,0,0,927956992,10.2055,0.0802,2.0235,2.7526
1762,45.7843,45.5000,58.2267,8.2118,,false,7,0.008333,2.1517,0.0583,1.00,1.00,5.6301,22,1,191,0,256704,191,191,0,0,927956992,8.2118,0.0690,2.1517,1.1568
1763,45.8340,45.5500,49.9612,8.1762,,false,6,0.008333,1.8484,0.0500,1.00,1.00,5.5913,22,1,191,0,256704,191,191,0,0,927956992,8.1762,0.0901,1.8484,1.1538
1764,45.8937,45.6083,58.3839,9.2738,,false,7,0.008333,2.2265,0.0583,1.00,1.00,5.6419,22,1,191,0,256704,191,191,0,0,927961088,9.2738,0.0678,2.2265,1.3610
1765,45.9421,45.6583,49.9002,7.9846,,false,6,0.008333,1.9260,0.0500,1.00,1.00,5.5421,22,1,191,0,256704,191,191,0,0,927961088,7.9846,0.0584,1.9260,1.1113
1766,45.9927,45.7083,50.4031,8.1173,,false,6,0.008333,1.8583,0.0500,1.00,0.99,5.9453,22,1,191,0,256704,191,191,0,0,927961088,8.1173,0.0693,1.8583,1.1390
1767,46.0527,45.7667,57.8071,10.3833,,false,7,0.008333,2.0827,0.0583,1.00,1.00,5.4190,22,1,191,0,256704,191,191,0,0,927961088,10.3833,0.0690,2.0827,1.1326
1768,46.1113,45.8250,58.5695,10.3914,,false,7,0.008333,2.0509,0.0583,1.00,1.00,5.6551,22,1,191,0,256704,191,191,0,0,927961088,10.3914,0.0618,2.0509,2.7391
1769,46.1590,45.8750,49.9272,8.3873,,false,6,0.008333,1.6426,0.0500,1.00,1.00,5.5824,22,1,191,0,256704,191,191,0,0,927961088,8.3873,0.0679,1.6426,1.1627
1770,46.2178,45.9333,58.5256,8.3983,,false,7,0.008333,2.1159,0.0583,1.00,1.00,5.7746,22,1,191,0,256704,191,191,0,0,927961088,8.3983,0.0686,2.1159,1.1597
1771,46.2674,45.9833,50.0565,8.0798,,false,6,0.008333,1.7005,0.0500,1.00,1.00,5.8311,22,1,191,0,256704,191,191,0,0,927961088,8.0798,0.0722,1.7005,1.1656
1772,46.3266,46.0417,58.3022,8.8263,,false,7,0.008333,2.4507,0.0583,1.00,1.00,5.8000,22,1,191,0,256704,191,191,0,0,927961088,8.8263,0.1255,2.4507,1.1399
1773,46.3792,46.0917,50.1726,10.3452,,false,6,0.008333,2.1927,0.0500,1.00,1.00,5.9727,22,1,191,0,256704,191,191,0,0,927961088,10.3452,0.1627,2.1927,1.4457
1774,46.4347,46.1500,57.7442,9.0112,,false,7,0.008333,2.1918,0.0583,1.00,1.00,5.3835,22,1,191,0,256704,191,191,0,0,927961088,9.0112,0.0718,2.1918,1.1719
1775,46.4943,46.2083,58.7133,9.7161,,false,7,0.008333,2.1235,0.0583,1.00,0.99,5.7635,22,1,191,0,256704,191,191,0,0,927961088,9.7161,0.0609,2.1235,2.7553
1776,46.5419,46.2583,49.6777,8.0299,,false,6,0.008333,2.0112,0.0500,1.00,1.00,5.4411,22,1,191,0,256704,191,191,0,0,927961088,8.0299,0.0720,2.0112,1.2001
1777,46.6016,46.3167,58.6177,8.8460,,false,7,0.008333,2.4719,0.0583,1.00,1.00,5.7256,22,1,191,0,256704,191,191,0,0,927965184,8.8460,0.0579,2.4719,1.2435
1778,46.6514,46.3667,49.9447,8.6625,,false,6,0.008333,1.8358,0.0500,1.00,1.00,5.6703,22,1,191,0,256704,191,191,0,0,927965184,8.6625,0.0781,1.8358,1.2832
1779,46.7099,46.4250,58.1200,9.2493,,false,7,0.008333,2.1651,0.0583,1.00,1.00,5.4569,22,1,191,0,256704,191,191,0,0,927965184,9.2493,0.0783,2.1651,1.1848
1780,46.7674,46.4833,58.5880,8.0099,,false,7,0.008333,1.8932,0.0583,1.00,1.00,5.7116,22,1,191,0,256704,191,191,0,0,927965184,8.0099,0.0600,1.8932,1.1176
1781,46.8194,46.5333,51.1910,8.8634,,false,6,0.008333,1.9620,0.0500,1.00,0.98,6.9026,22,1,191,0,256704,191,191,0,0,927965184,8.8634,0.0657,1.9620,1.1155
1782,46.8771,46.5917,57.4474,9.2022,,false,7,0.008333,1.9384,0.0583,1.00,1.00,6.0167,22,1,191,0,256704,191,191,0,0,927965184,9.2022,0.0736,1.9384,2.6199
1783,46.9259,46.6417,49.8768,8.1039,,false,6,0.008333,1.8806,0.0500,1.00,1.00,5.8935,22,1,191,0,256704,191,191,0,0,927997952,8.1039,0.0733,1.8806,1.1908
1784,46.9856,46.7000,58.7514,9.0402,,false,7,0.008333,2.1517,0.0583,1.00,0.99,6.3116,22,1,191,0,256704,191,191,0,0,927997952,9.0402,0.0851,2.1517,1.1119
1785,47.0426,46.7583,58.0917,7.9759,,false,7,0.008333,2.4346,0.0583,1.00,1.00,6.0699,22,1,191,0,256704,191,191,0,0,927997952,7.9759,0.0621,2.4346,1.1506
1786,47.0928,46.8083,50.5581,7.6340,,false,6,0.008333,1.6223,0.0500,1.00,0.99,6.6280,22,1,191,0,256704,191,191,0,0,927997952,7.6340,0.0981,1.6223,1.1206
1787,47.1513,46.8667,57.9361,8.1124,,false,7,0.008333,2.0798,0.0583,1.00,1.00,6.2308,22,1,191,0,256704,191,191,0,0,927997952,8.1124,0.1222,2.0798,1.1680
1788,47.2015,46.9167,49.9660,8.5046,,false,6,0.008333,2.0621,0.0500,1.00,1.00,6.1968,22,1,191,0,256704,191,191,0,0,927997952,8.5046,0.0813,2.0621,1.2293
1789,47.2623,46.9750,58.5844,10.4526,,false,7,0.008333,2.1022,0.0583,1.00,1.00,6.4479,22,1,191,0,256704,191,191,0,0,927997952,10.4526,0.0592,2.1022,2.6535
1790,47.3101,47.0250,49.8869,8.5575,,false,6,0.008333,1.9868,0.0500,1.00,1.00,6.3348,22,1,191,0,256704,191,191,0,0,927997952,8.5575,0.0777,1.9868,1.1555
1791,47.3681,47.0833,58.3423,8.1243,,false,7,0.008333,1.7756,0.0583,1.00,1.00,6.3437,22,1,191,0,256704,191,191,0,0,927997952,8.1243,0.0763,1.7756,1.1997
1792,47.4262,47.1417,58.2718,7.8426,,false,7,0.008333,2.0183,0.0583,1.00,1.00,6.2822,22,1,191,0,256704,191,191,0,0,927997952,7.8426,0.0654,2.0183,1.1460
1793,47.4766,47.1917,49.7399,8.5546,,false,6,0.008333,1.9803,0.0500,1.00,1.00,6.0221,22,1,191,0,256704,191,191,0,0,927997952,8.5546,0.0811,1.9803,1.1735
1794,47.5336,47.2500,58.2018,7.5409,,false,7,0.008333,1.6675,0.0583,1.00,1.00,5.8905,22,1,191,0,256704,191,191,0,0,927997952,7.5409,0.0634,1.6675,0.8701
1795,47.5914,47.3083,58.4154,7.0722,,false,7,0.008333,1.1492,0.0583,1.00,1.00,5.9726,22,1,191,0,256704,191,191,0,0,927997952,7.0722,0.0724,1.1492,0.6827
1796,47.6454,47.3583,50.5431,10.4999,,false,6,0.008333,1.8973,0.0500,1.00,0.99,6.5157,22,1,191,0,256704,191,191,0,0,927997952,10.4999,0.0970,1.8973,2.7136
1797,47.7016,47.4167,58.2675,8.2153,,false,7,0.008333,1.9608,0.0583,1.00,1.00,6.4498,22,1,191,0,256704,191,191,0,0,927997952,8.2153,0.0850,1.9608,1.0284
1798,47.7604,47.4750,57.4071,9.6179,,false,7,0.008333,2.4203,0.0583,1.00,1.00,5.5236,22,1,191,0,256704,191,191,0,0,927997952,9.6179,0.0576,2.4203,1.1613
1799,47.8120,47.5250,51.6375,9.6018,,false,6,0.008333,2.1216,0.0500,1.00,0.97,7.1611,22,1,191,0,256704,191,191,0,0,927997952,9.6018,0.0758,2.1216,1.2322
1800,47.8672,47.5833,56.8690,7.8532,,false,7,0.008333,1.8335,0.0583,1.00,1.00,5.6968,22,1,191,0,256704,191,191,0,0,927997952,7.8532,0.0630,1.8335,1.1030
1801,47.9266,47.6417,59.0507,8.3730,,false,7,0.008333,2.8526,0.0583,1.00,0.99,6.4142,22,1,191,0,256704,191,191,0,0,927997952,8.3730,0.0571,2.8526,1.1151
1802,47.9764,47.6917,49.2451,7.7863,,false,6,0.008333,1.6591,0.0500,1.00,1.00,5.6593,22,1,191,0,256704,191,191,0,0,927997952,7.7863,0.0710,1.6591,1.1174
1803,48.0354,47.7500,58.3980,9.3553,,false,7,0.008333,1.9998,0.0583,1.00,1.00,5.7239,22,1,191,0,256704,191,191,0,0,927997952,9.3553,0.0606,1.9998,2.6070
1804,48.0844,47.8000,49.7660,8.6271,,false,6,0.008333,1.5581,0.0500,1.00,1.00,5.4899,22,1,191,0,256704,191,191,0,0,927997952,8.6271,0.0702,1.5581,1.1678
1805,48.1432,47.8583,58.9600,8.4776,,false,7,0.008333,1.9436,0.0583,1.00,0.99,6.1166,22,1,191,0,256704,191,191,0,0,927997952,8.4776,0.0573,1.9436,1.2985
1806,48.1921,47.9083,49.6427,7.8529,,false,6,0.008333,1.8639,0.0500,1.00,1.00,5.7592,22,1,191,0,256704,191,191,0,0,927997952,7.8529,0.0724,1.8639,1.1467
1807,48.2505,47.9667,58.3429,7.6918,,false,7,0.008333,1.5680,0.0583,1.00,1.00,5.7688,22,1,191,0,256704,191,191,0,0,927997952,7.6918,0.0632,1.5680,1.0617
1808,48.3012,48.0167,50.3061,7.9960,,false,6,0.008333,1.6644,0.0500,1.00,0.99,6.0749,22,1,191,0,256704,191,191,0,0,927997952,7.9960,0.0704,1.6644,1.1559
1809,48.3590,48.0750,57.9920,8.1284,,false,7,0.008333,1.8901,0.0583,1.00,1.00,5.7335,22,1,191,0,256704,191,191,0,0,927997952,8.1284,0.0821,1.8901,1.1421
1810,48.4129,48.1250,50.2939,11.5293,,false,6,0.008333,1.6320,0.0500,1.00,0.99,6.0274,22,1,191,0,256704,191,191,0,0,927997952,11.5293,0.0929,1.6320,3.4500
1811,48.4692,48.1833,57.9467,9.7033,,false,7,0.008333,2.1574,0.0583,1.00,1.00,5.6408,22,1,191,0,256704,191,191,0,0,927997952,9.7033,0.0803,2.1574,1.1776
1812,48.5252,48.2417,58.3338,7.7067,,false,7,0.008333,1.8056,0.0583,1.00,1.00,5.6413,22,1,191,0,256704,191,191,0,0,927997952,7.7067,0.0676,1.8056,1.2651
1813,48.5772,48.2917,50.0279,8.3639,,false,6,0.008333,1.8402,0.0500,1.00,1.00,5.6691,22,1,191,0,256704,191,191,0,0,927997952,8.3639,0.0650,1.8402,1.1367
1814,48.6341,48.3500,58.2270,8.3029,,false,7,0.008333,1.5276,0.0583,1.00,1.00,5.5628,22,1,191,0,256704,191,191,0,0,927997952,8.3029,0.0977,1.5276,0.8472
1815,48.6833,48.4000,50.4777,6.9844,,false,6,0.008333,1.5136,0.0500,1.00,0.99,6.0406,22,1,191,0,256704,191,191,0,0,927997952,6.9844,0.0647,1.5136,1.0580
1816,48.7412,48.4583,57.7861,7.1107,,false,7,0.008333,1.9805,0.0583,1.00,1.00,5.4933,22,1,191,0,256704,191,191,0,0,927997952,7.1107,0.0549,1.9805,0.6994
1817,48.8000,48.5167,58.1540,8.0150,,false,7,0.008333,1.6122,0.0583,1.00,1.00,5.3140,22,1,191,0,256704,191,191,0,0,927997952,8.0150,0.0547,1.6122,1.9011
1818,48.8507,48.5667,50.4889,8.0910,,false,6,0.008333,1.7517,0.0500,1.00,0.99,5.8029,22,1,191,0,256704,191,191,0,0,927997952,8.0910,0.0757,1.7517,1.1308
1819,48.9112,48.6250,58.4918,9.9233,,false,7,0.008333,1.9586,0.0583,1.00,1.00,5.9614,22,1,191,0,256704,191,191,0,0,927997952,9.9233,0.0572,1.9586,1.3462
1820,48.9596,48.6750,50.0639,8.2695,,false,6,0.008333,1.6954,0.0500,1.00,1.00,6.0253,22,1,191,0,256704,191,191,0,0,927997952,8.2695,0.0763,1.6954,1.1299
1821,49.0145,48.7333,57.7236,5.5464,,false,7,0.008333,1.2015,0.0583,1.00,1.00,5.4156,22,1,191,0,256704,191,191,0,0,927997952,5.5464,0.0544,1.2015,0.6988
1822,49.0654,48.7833,50.4893,6.3059,,false,6,0.008333,1.3234,0.0500,1.00,0.99,5.9049,22,1,191,0,256704,191,191,0,0,927997952,6.3059,0.0596,1.3234,0.9269
1823,49.1256,48.8417,58.3164,7.8109,,false,7,0.008333,1.7917,0.0583,1.00,1.00,5.8879,22,1,191,0,256704,191,191,0,0,927997952,7.8109,0.0642,1.7917,1.1134
1824,49.1871,48.9000,58.1145,10.9849,,false,7,0.008333,1.9153,0.0583,1.00,1.00,5.6691,22,1,191,0,256704,191,191,0,0,927997952,10.9849,0.0677,1.9153,2.7352
1825,49.2337,48.9500,49.9465,7.9725,,false,6,0.008333,1.7694,0.0500,1.00,1.00,5.6156,22,1,191,0,256704,191,191,0,0,927997952,7.9725,0.0788,1.7694,1.1979
1826,49.2924,49.0083,58.4077,8.0343,,false,7,0.008333,1.9165,0.0583,1.00,1.00,5.6900,22,1,191,0,256704,191,191,0,0,927997952,8.0343,0.1308,1.9165,1.1478
1827,49.3423,49.0583,50.1256,7.9375,,false,6,0.008333,1.6645,0.0500,1.00,1.00,5.8156,22,1,191,0,256704,191,191,0,0,927997952,7.9375,0.0704,1.6645,1.1761
1828,49.4009,49.1167,58.2026,8.2588,,false,7,0.008333,2.0874,0.0583,1.00,1.00,5.6849,22,1,191,0,256704,191,191,0,0,927997952,8.2588,0.1093,2.0874,1.1095
1829,49.4511,49.1667,50.3519,8.0532,,false,6,0.008333,1.6984,0.0500,1.00,0.99,6.0368,22,1,191,0,256704,191,191,0,0,927997952,8.0532,0.0697,1.6984,1.1745
1830,49.5096,49.2250,57.9012,8.0866,,false,7,0.008333,2.0748,0.0583,1.00,1.00,5.6047,22,1,191,0,256704,191,191,0,0,927997952,8.0866,0.0665,2.0748,1.1340
1831,49.5691,49.2833,58.5123,9.7567,,false,7,0.008333,2.0050,0.0583,1.00,1.00,5.7836,22,1,191,0,256704,191,191,0,0,927997952,9.7567,0.0669,2.0050,2.7320
1832,49.6180,49.3333,50.0100,8.4946,,false,6,0.008333,2.0823,0.0500,1.00,1.00,5.7936,22,1,191,0,256704,191,191,0,0,927997952,8.4946,0.0711,2.0823,1.2012
1833,49.6760,49.3917,58.3308,8.0319,,false,7,0.008333,1.8694,0.0583,1.00,1.00,5.7911,22,1,191,0,256704,191,191,0,0,928002048,8.0319,0.0555,1.8694,1.1813
1834,49.7275,49.4417,50.2513,9.3847,,false,6,0.008333,1.8346,0.0500,1.00,0.99,6.0424,22,1,191,0,256704,191,191,0,0,928002048,9.3847,0.0710,1.8346,1.2167
1835,49.7855,49.5000,57.8064,9.6890,,false,7,0.008333,2.6779,0.0583,1.00,1.00,5.5155,22,1,191,0,256704,191,191,0,0,928002048,9.6890,0.0742,2.6779,1.1322
1836,49.8414,49.5583,58.6523,6.9437,,false,7,0.008333,1.7502,0.0583,1.00,0.99,5.8345,22,1,191,0,256704,191,191,0,0,928002048,6.9437,0.1221,1.7502,0.8904
1837,49.8897,49.6083,49.7240,5.8631,,false,6,0.008333,0.9256,0.0500,1.00,1.00,5.5584,22,1,191,0,256704,191,191,0,0,928002048,5.8631,0.0563,0.9256,0.8047
1838,49.9558,49.6667,59.1029,12.3428,,false,7,0.008333,2.2051,0.0583,1.00,0.99,6.3280,22,1,191,0,256704,191,191,0,0,928002048,12.3428,0.0630,2.2051,2.8475
1839,50.0093,49.7250,57.9465,8.0753,,false,7,0.008333,1.9467,0.0583,1.00,1.00,5.9411,22,1,191,0,256704,191,191,0,0,928002048,8.0753,0.0608,1.9467,1.1025
1840,50.0607,49.7750,49.8150,8.6232,,false,6,0.008333,1.8393,0.0500,1.00,1.00,5.7561,22,1,191,0,256704,191,191,0,0,928002048,8.6232,0.0799,1.8393,1.1753
1841,50.1147,49.8333,58.1299,5.7360,,false,7,0.008333,0.9928,0.0583,1.00,1.00,5.5526,22,1,191,0,256704,191,191,0,0,928002048,5.7360,0.0526,0.9928,0.6891
1842,50.1675,49.8833,50.3789,8.0494,,false,6,0.008333,1.6100,0.0500,1.00,0.99,5.9315,22,1,191,0,256704,191,191,0,0,928002048,8.0494,0.0687,1.6100,1.1500
1843,50.2253,49.9417,58.1179,7.7246,,false,7,0.008333,1.8736,0.0583,1.00,1.00,5.7160,22,1,191,0,256704,191,191,0,0,928002048,7.7246,0.0669,1.8736,1.0571
1844,50.2765,49.9917,50.4461,8.2711,,false,6,0.008333,1.6615,0.0500,1.00,0.99,6.1622,22,1,191,0,256704,191,191,0,0,928002048,8.2711,0.0768,1.6615,1.1436
1845,50.3324,50.0500,57.8638,6.5640,,false,7,0.008333,1.4468,0.0583,1.00,1.00,5.6926,22,1,191,0,256704,191,191,0,0,928002048,6.5640,0.0521,1.4468,1.5214
1846,50.3908,50.1083,57.9910,6.9563,,false,7,0.008333,1.5595,0.0583,1.00,1.00,5.3503,22,1,191,0,256704,191,191,0,0,928002048,6.9563,0.1201,1.5595,0.7986
1847,50.4436,50.1583,50.4729,8.4987,,false,6,0.008333,2.1423,0.0500,1.00,0.99,5.8232,22,1,191,0,256704,191,191,0,0,928002048,8.4987,0.0757,2.1423,1.1680
1848,50.5012,50.2167,58.2666,8.1879,,false,7,0.008333,1.7741,0.0583,1.00,1.00,5.7565,22,1,191,0,256704,191,191,0,0,928002048,8.1879,0.0669,1.7741,1.3880
1849,50.5482,50.2667,49.5432,6.1134,,false,6,0.008333,1.1103,0.0500,1.00,1.00,5.2997,22,1,191,0,256704,191,191,0,0,928002048,6.1134,0.0526,1.1103,0.7293
1850,50.6073,50.3250,58.8079,6.2526,,false,7,0.008333,1.3934,0.0583,1.00,0.99,5.7743,22,1,191,0,256704,191,191,0,0,928002048,6.2526,0.0528,1.3934,0.7780
1851,50.6673,50.3833,58.1963,8.0143,,false,7,0.008333,1.8831,0.0583,1.00,1.00,5.6372,22,1,191,0,256704,191,191,0,0,928002048,8.0143,0.0612,1.8831,1.1864
1852,50.7197,50.4333,50.1605,9.4078,,false,6,0.008333,1.6988,0.0500,1.00,1.00,5.7978,22,1,191,0,256704,191,191,0,0,928002048,9.4078,0.1040,1.6988,2.6532
1853,50.7758,50.4917,58.4678,7.9393,,false,7,0.008333,1.8037,0.0583,1.00,1.00,5.9322,22,1,191,0,256704,191,191,0,0,928002048,7.9393,0.0728,1.8037,1.1089
1854,50.8288,50.5417,51.8422,9.0653,,false,6,0.008333,1.7787,0.0500,1.00,0.96,7.7744,22,1,191,0,256704,191,191,0,0,928002048,9.0653,0.0928,1.7787,1.2609
1855,50.8866,50.6000,56.9383,9.9474,,false,7,0.008333,2.3643,0.0583,1.00,1.00,6.3794,22,1,191,0,256704,191,191,0,0,928002048,9.9474,0.0795,2.3643,1.3093
1856,50.9437,50.6583,58.2547,8.8375,,false,7,0.008333,2.1013,0.0583,1.00,1.00,6.3007,22,1,191,0,256704,191,191,0,0,928002048,8.8375,0.1639,2.1013,1.3243
1857,50.9914,50.7083,50.2499,6.3017,,false,6,0.008333,1.1780,0.0500,1.00,1.00,6.5506,22,1,191,0,256704,191,191,0,0,928002048,6.3017,0.0795,1.1780,0.9104
1858,51.0520,50.7667,58.0681,8.6325,,false,7,0.008333,1.9259,0.0583,1.00,1.00,6.2853,22,1,191,0,256704,191,191,0,0,928002048,8.6325,0.0894,1.9259,1.3066
1859,51.1118,50.8250,58.8359,9.7523,,false,7,0.008333,1.8589,0.0583,1.00,0.99,6.7879,22,1,191,0,256704,191,191,0,0,928002048,9.7523,0.0702,1.8589,2.8066
1860,51.1691,50.8833,58.1787,8.7580,,false,7,0.008333,2.0708,0.0583,1.00,1.00,6.6333,22,1,191,0,256704,191,191,0,0,928002048,8.7580,0.0751,2.0708,1.2830
1861,51.2240,50.9417,57.9718,5.9105,,false,7,0.008333,1.0943,0.0583,1.00,1.00,6.2717,22,1,191,0,256704,191,191,0,0,928002048,5.9105,0.0680,1.0943,0.7835
1862,51.2759,50.9917,49.9752,7.7134,,false,6,0.008333,1.7158,0.0500,1.00,1.00,6.2469,22,1,191,0,256704,191,191,0,0,928002048,7.7134,0.0687,1.7158,1.2159
1863,51.3351,51.0500,58.4936,8.1348,,false,7,0.008333,2.0882,0.0583,1.00,1.00,6.4072,22,1,191,0,256704,191,191,0,0,928002048,8.1348,0.0709,2.0882,1.1309
1864,51.3856,51.1000,50.2703,8.4390,,false,6,0.008333,2.0297,0.0500,1.00,0.99,6.6775,22,1,191,0,256704,191,191,0,0,928002048,8.4390,0.0727,2.0297,1.1758
1865,51.4445,51.1583,58.3182,9.2414,,false,7,0.008333,2.0510,0.0583,1.00,1.00,6.6624,22,1,191,0,256704,191,191,0,0,928002048,9.2414,0.0643,2.0510,1.1127
1866,51.5027,51.2167,58.1407,9.3046,,false,7,0.008333,1.8759,0.0583,1.00,1.00,6.4697,22,1,191,0,256704,191,191,0,0,928002048,9.3046,0.0627,1.8759,2.6138
1867,51.5533,51.2667,49.7101,10.1719,,false,6,0.008333,1.9101,0.0500,1.00,1.00,6.1798,22,1,191,0,256704,191,191,0,0,928002048,10.1719,0.0682,1.9101,1.1477
1868,51.6114,51.3250,58.5019,9.8211,,false,7,0.008333,2.5995,0.0583,1.00,1.00,6.3483,22,1,191,0,256704,191,191,0,0,928002048,9.8211,0.0760,2.5995,1.1557
1869,51.6609,51.3750,50.0626,9.1751,,false,6,0.008333,1.7052,0.0500,1.00,1.00,6.4109,22,1,191,0,256704,191,191,0,0,928002048,9.1751,0.0823,1.7052,1.2155
1870,51.7181,51.4333,58.3540,8.0361,,false,7,0.008333,2.0228,0.0583,1.00,1.00,6.4316,22,1,191,0,256704,191,191,0,0,928002048,8.0361,0.0615,2.0228,1.1622
1871,51.7675,51.4833,49.4084,8.2170,,false,6,0.008333,1.6143,0.0500,1.00,1.00,5.8400,22,1,191,0,256704,191,191,0,0,928002048,8.2170,0.0798,1.6143,1.1758
1872,51.8268,51.5417,59.9658,7.3898,,false,7,0.008333,1.9065,0.0583,1.00,0.97,7.4724,22,1,191,0,256704,191,191,0,0,928002048,7.3898,0.0558,1.9065,1.1552
1873,51.8748,51.5917,48.3221,7.0242,,false,6,0.008333,1.5873,0.0500,1.00,1.00,5.7945,22,1,191,0,256704,191,191,0,0,928002048,7.0242,0.0618,1.5873,1.4466
1874,51.9357,51.6500,58.5389,9.2992,,false,7,0.008333,2.8439,0.0583,1.00,1.00,6.0000,22,1,191,0,256704,191,191,0,0,928002048,9.2992,0.0720,2.8439,1.0848
1875,51.9839,51.7000,49.6173,7.9290,,false,6,0.008333,1.6214,0.0500,1.00,1.00,5.6173,22,1,191,0,256704,191,191,0,0,928002048,7.9290,0.0981,1.6214,1.4225
1876,52.0421,51.7583,58.5276,7.8647,,false,7,0.008333,2.0579,0.0583,1.00,1.00,5.8116,22,1,191,0,256704,191,191,0,0,928002048,7.8647,0.0582,2.0579,1.1001
1877,52.0922,51.8083,50.1032,7.6626,,false,6,0.008333,1.5994,0.0500,1.00,1.00,5.9148,22,1,191,0,256704,191,191,0,0,928002048,7.6626,0.0662,1.5994,1.1436
1878,52.1431,51.8583,50.4412,8.1067,,false,6,0.008333,1.6197,0.0500,1.00,0.99,6.3560,22,1,191,0,256704,191,191,0,0,928002048,8.1067,0.0751,1.6197,1.2291
1879,52.2015,51.9167,57.8027,8.9357,,false,7,0.008333,2.1265,0.0583,1.00,1.00,5.8254,22,1,191,0,256704,191,191,0,0,928002048,8.9357,0.0699,2.1265,1.1082
1880,52.2553,51.9667,50.4709,11.8573,,false,6,0.008333,1.9723,0.0500,1.00,0.99,6.2963,22,1,191,0,256704,191,191,0,0,928002048,11.8573,0.1019,1.9723,3.6381
1881,52.3093,52.0250,57.8833,8.1258,,false,7,0.008333,1.9046,0.0583,1.00,1.00,5.8462,22,1,191,0,256704,191,191,0,0,928002048,8.1258,0.0654,1.9046,1.1283
1882,52.3587,52.0750,49.9244,7.7097,,false,6,0.008333,1.7761,0.0500,1.00,1.00,5.7706,22,1,191,0,256704,191,191,0,0,928002048,7.7097,0.0663,1.7761,1.0708
1883,52.4150,52.1333,58.3565,5.5862,,false,7,0.008333,1.2256,0.0583,1.00,1.00,5.7938,22,1,191,0,256704,191,191,0,0,928002048,5.5862,0.0461,1.2256,0.6361
1884,52.4678,52.1833,49.9916,8.4934,,false,6,0.008333,1.7462,0.0500,1.00,1.00,5.7854,22,1,191,0,256704,191,191,0,0,928002048,8.4934,0.0657,1.7462,1.1294
1885,52.5273,52.2417,60.4670,7.4215,,false,7,0.008333,1.8856,0.0583,1.00,0.96,7.9190,22,1,191,0,256704,191,191,0,0,928002048,7.4215,0.0562,1.8856,1.0990
1886,52.5799,52.3000,51.0810,8.7548,,false,7,0.008333,2.2413,0.0583,1.00,1.00,0.6667,22,1,191,0,256704,191,191,0,0,928002048,8.7548,0.0993,2.2413,1.3159
1887,52.6481,52.3583,65.6300,11.5364,,false,7,0.008333,1.9996,0.0583,1.00,0.89,7.9633,22,1,191,0,256704,191,191,0,0,928002048,11.5364,0.0644,1.9996,2.7815
1888,52.6941,52.4083,49.2867,8.0852,,false,6,0.008333,1.7220,0.0500,1.00,1.00,7.2501,22,1,191,0,256704,191,191,0,0,928002048,8.0852,0.0716,1.7220,1.3116
1889,52.7528,52.4667,58.8724,8.0351,,false,7,0.008333,2.1447,0.0583,1.00,0.99,7.7891,22,1,191,0,256704,191,191,0,0,928002048,8.0351,0.0576,2.1447,1.0879
1890,52.8027,52.5167,49.9678,7.9741,,false,6,0.008333,1.7909,0.0500,1.00,1.00,7.7570,22,1,191,0,256704,191,191,0,0,928002048,7.9741,0.0740,1.7909,1.2655
1891,52.8617,52.5750,58.4543,8.4060,,false,7,0.008333,2.2657,0.0583,1.00,1.00,7.8780,22,1,191,0,256704,191,191,0,0,928002048,8.4060,0.0806,2.2657,1.4737
1892,52.9105,52.6250,49.4666,8.0101,,false,6,0.008333,1.7729,0.0500,1.00,1.00,7.3446,22,1,191,0,256704,191,191,0,0,928002048,8.0101,0.0672,1.7729,1.1801
1893,52.9627,52.6833,51.9537,8.0572,,false,7,0.008333,1.9558,0.0583,1.00,1.00,0.9649,22,1,191,0,256704,191,191,0,0,928002048,8.0572,0.0679,1.9558,1.1216
1894,53.0219,52.7333,56.9525,10.3311,,false,6,0.008333,1.8982,0.0500,1.00,0.88,7.9175,22,1,191,0,256704,191,191,0,0,928002048,10.3311,0.0686,1.8982,2.9859
1895,53.0671,52.7833,45.8083,9.0889,,false,6,0.008333,2.3112,0.0500,1.00,1.00,3.7258,22,1,191,0,256704,191,191,0,0,928002048,9.0889,0.0744,2.3112,1.2108
1896,53.1247,52.8417,61.9184,5.7748,,false,7,0.008333,1.1241,0.0583,1.00,0.94,7.3108,22,1,191,0,256704,191,191,0,0,928002048,5.7748,0.0593,1.1241,0.8054
1897,53.1860,52.9000,58.8319,7.8558,,false,7,0.008333,2.1586,0.0583,1.00,0.99,7.8093,22,1,191,0,256704,191,191,0,0,928002048,7.8558,0.0767,2.1586,1.1804
1898,53.2369,52.9500,50.1134,8.7064,,false,6,0.008333,2.2330,0.0500,1.00,1.00,7.9227,22,1,191,0,256704,191,191,0,0,928002048,8.7064,0.0746,2.2330,1.1507
1899,53.2953,53.0083,58.2566,8.8994,,false,7,0.008333,2.6096,0.0583,1.00,1.00,7.8460,22,1,191,0,256704,191,191,0,0,928002048,8.8994,0.0765,2.6096,1.3754
1900,53.3441,53.0583,49.7031,7.9061,,false,6,0.008333,1.7257,0.0500,1.00,1.00,7.5491,22,1,191,0,256704,191,191,0,0,928002048,7.9061,0.0620,1.7257,1.1226
1901,53.3990,53.1167,51.8431,10.8461,,false,7,0.008333,2.4016,0.0583,1.00,1.00,1.0588,22,1,191,0,256704,191,191,0,0,928002048,10.8461,0.1752,2.4016,3.4155
1902,53.4501,53.1667,56.3428,5.9352,,false,6,0.008333,1.3111,0.0500,1.00,0.89,7.4016,22,1,191,0,256704,191,191,0,0,928002048,5.9352,0.0565,1.3111,0.8097
1903,53.5114,53.2250,58.8082,8.0730,,false,7,0.008333,2.1072,0.0583,1.00,0.99,7.8765,22,1,191,0,256704,191,191,0,0,928002048,8.0730,0.0577,2.1072,1.0967
1904,53.5610,53.2750,49.4784,8.4983,,false,6,0.008333,1.9352,0.0500,1.00,1.00,7.3549,22,1,191,0,256704,191,191,0,0,928002048,8.4983,0.0665,1.9352,1.1370
1905,53.6191,53.3333,59.0830,7.5525,,false,7,0.008333,1.8310,0.0583,1.00,0.99,8.1046,22,1,191,0,256704,191,191,0,0,928002048,7.5525,0.0573,1.8310,1.0991
1906,53.6699,53.3833,49.4808,8.5906,,false,6,0.008333,1.8836,0.0500,1.00,1.00,7.5854,22,1,191,0,256704,191,191,0,0,928002048,8.5906,0.1056,1.8836,1.4613
1907,53.7281,53.4417,58.8360,8.1800,,false,7,0.008333,2.4373,0.0583,1.00,0.99,8.0881,22,1,191,0,256704,191,191,0,0,928002048,8.1800,0.0739,2.4373,1.1184
1908,53.7766,53.4917,49.4688,7.3562,,false,6,0.008333,1.2490,0.0500,1.00,1.00,7.5569,22,1,191,0,256704,191,191,0,0,928002048,7.3562,0.0530,1.2490,1.7496
1909,53.8305,53.5500,51.3147,9.6697,,false,7,0.008333,2.4652,0.0583,1.00,1.00,0.5383,22,1,191,0,256704,191,191,0,0,928002048,9.6697,0.0655,2.4652,1.1221
1910,53.8862,53.6000,57.2353,8.0579,,false,6,0.008333,1.9576,0.0500,1.00,0.87,7.7736,22,1,191,0,256704,191,191,0,0,928002048,8.0579,0.0792,1.9576,1.1591
1911,53.9381,53.6583,50.9060,9.1822,,false,7,0.008333,1.9385,0.0583,1.00,1.00,0.3462,22,1,191,0,256704,191,191,0,0,928002048,9.1822,0.0737,1.9385,1.2037
1912,53.9952,53.7083,57.7689,8.5060,,false,6,0.008333,1.8174,0.0500,1.00,0.87,8.1151,22,1,191,0,256704,191,191,0,0,928002048,8.5060,0.0851,1.8174,1.1602
1913,54.0526,53.7667,58.0457,7.8019,,false,7,0.008333,2.1722,0.0583,1.00,1.00,7.8275,22,1,191,0,256704,191,191,0,0,928002048,7.8019,0.0561,2.1722,1.1201
1914,54.1029,53.8167,49.9678,8.1889,,false,6,0.008333,1.8800,0.0500,1.00,1.00,7.7953,22,1,191,0,256704,191,191,0,0,928002048,8.1889,0.0712,1.8800,1.1823
1915,54.1568,53.8750,51.8487,10.2315,,false,7,0.008333,2.1646,0.0583,1.00,1.00,1.3107,22,1,191,0,256704,191,191,0,0,928002048,10.2315,0.0951,2.1646,2.9082
1916,54.2109,53.9250,56.4763,7.8730,,false,6,0.008333,1.8557,0.0500,1.00,0.89,7.7870,22,1,191,0,256704,191,191,0,0,928002048,7.8730,0.0705,1.8557,1.1872
1917,54.2620,53.9833,51.0511,7.9642,,false,7,0.008333,2.0843,0.0583,1.00,1.00,0.5048,22,1,191,0,256704,191,191,0,0,928002048,7.9642,0.0602,2.0843,1.1153
1918,54.3191,54.0333,57.4446,7.6767,,false,6,0.008333,1.7787,0.0500,1.00,0.87,7.9493,22,1,191,0,256704,191,191,0,0,928002048,7.6767,0.1286,1.7787,1.1637
1919,54.3715,54.0917,51.3406,8.6617,,false,7,0.008333,1.9046,0.0583,1.00,1.00,0.9566,22,1,191,0,256704,191,191,0,0,928002048,8.6617,0.0700,1.9046,1.2342
1920,54.4276,54.1417,57.0905,7.5989,,false,6,0.008333,1.5601,0.0500,1.00,0.88,8.0471,22,1,191,0,256704,191,191,0,0,928002048,7.5989,0.0629,1.5601,1.1131
1921,54.4795,54.2000,50.8409,8.6754,,false,7,0.008333,2.3019,0.0583,1.00,1.00,0.5547,22,1,191,0,256704,191,191,0,0,928002048,8.6754,0.0709,2.3019,1.1559
1922,54.5382,54.2500,57.6314,9.7677,,false,6,0.008333,1.7285,0.0500,1.00,0.87,8.1860,22,1,191,0,256704,191,191,0,0,928002048,9.7677,0.0661,1.7285,2.9139
1923,54.5880,54.3083,51.5321,8.0010,,false,7,0.008333,1.8460,0.0583,1.00,1.00,1.3848,22,1,191,0,256704,191,191,0,0,928002048,8.0010,0.0629,1.8460,1.1662
1924,54.6460,54.3583,56.3165,9.6524,,false,6,0.008333,1.9857,0.0500,1.00,0.89,7.7013,22,1,191,0,256704,191,191,0,0,928002048,9.6524,0.0723,1.9857,1.1443
1925,54.7037,54.4167,58.6940,8.6748,,false,7,0.008333,2.4409,0.0583,1.00,0.99,8.0620,22,1,191,0,256704,191,191,0,0,928002048,8.6748,0.0802,2.4409,1.3628
1926,54.7541,54.4667,49.9710,9.0578,,false,6,0.008333,1.7141,0.0500,1.00,1.00,8.0330,22,1,191,0,256704,191,191,0,0,928002048,9.0578,0.1017,1.7141,1.6300
1927,54.8124,54.5333,59.6837,7.8368,,false,8,0.008333,2.3606,0.0667,1.00,1.00,1.0500,22,1,191,0,256704,191,191,0,0,928002048,7.8368,0.0693,2.3606,1.1277
1928,54.8587,54.5833,49.0039,5.3341,,false,6,0.008333,0.8997,0.0500,1.00,1.00,0.0539,22,1,191,0,256704,191,191,0,0,928002048,5.3341,0.0610,0.8997,0.7868
1929,54.9234,54.6333,58.2004,11.4807,,false,6,0.008333,1.8227,0.0500,1.00,0.86,8.2544,22,1,191,0,256704,191,191,0,0,928002048,11.4807,0.0768,1.8227,2.7055
1930,54.9716,54.6917,51.0694,8.7298,,false,7,0.008333,2.2093,0.0583,1.00,1.00,0.9904,22,1,191,0,256704,191,191,0,0,928002048,8.7298,0.0658,2.2093,1.1368
1931,55.0288,54.7500,57.5405,8.3860,,false,7,0.008333,2.1863,0.0583,1.00,1.00,0.1976,22,1,191,0,256704,191,191,0,0,928002048,8.3860,0.0864,2.1863,1.4693
1932,55.0879,54.8083,58.7663,8.6689,,false,7,0.008333,1.9445,0.0583,1.00,0.99,0.6306,22,1,191,0,256704,191,191,0,0,928002048,8.6689,0.0612,1.9445,1.1465
1933,55.1362,54.8500,49.3468,7.6917,,false,5,0.008333,1.5608,0.0417,1.00,0.84,8.3107,22,1,191,0,256704,191,191,0,0,928002048,7.6917,0.0625,1.5608,1.1423
1934,55.1962,54.9167,58.5994,8.7377,,false,8,0.008333,2.4634,0.0667,1.00,1.00,0.2435,22,1,191,0,256704,191,191,0,0,928002048,8.7377,0.0626,2.4634,1.1142
1935,55.2470,54.9583,49.6310,10.1230,,false,5,0.008333,1.6413,0.0417,1.00,0.84,8.2078,22,1,191,0,256704,191,191,0,0,928006144,10.1230,0.0716,1.6413,1.2771
1936,55.3023,55.0167,58.1208,7.4832,,false,7,0.008333,1.2878,0.0583,1.00,1.00,7.9953,22,1,191,0,256704,191,191,0,0,928010240,7.4832,0.0658,1.2878,2.3007
1937,55.3543,55.0750,50.7432,8.5603,,false,7,0.008333,2.0325,0.0583,1.00,1.00,0.4052,22,1,191,0,256704,191,191,0,0,928010240,8.5603,0.0804,2.0325,1.2036
1938,55.4135,55.1333,58.2863,9.4946,,false,7,0.008333,2.4819,0.0583,1.00,1.00,0.3581,22,1,191,0,256704,191,191,0,0,928010240,9.4946,0.0809,2.4819,1.5630
1939,55.4626,55.1833,50.2675,8.3736,,false,6,0.008333,1.9478,0.0500,1.00,0.99,0.6257,22,1,191,0,256704,191,191,0,0,928010240,8.3736,0.0665,1.9478,1.1563
1940,55.5210,55.2417,58.4143,8.3439,,false,7,0.008333,2.1135,0.0583,1.00,1.00,0.7066,22,1,191,0,256704,191,191,0,0,928010240,8.3439,0.0664,2.1135,1.2292
1941,55.5711,55.2917,50.8031,7.5887,,false,6,0.008333,1.8753,0.0500,1.00,0.98,1.5097,22,1,191,0,256704,191,191,0,0,928010240,7.5887,0.0648,1.8753,1.1266
1942,55.6288,55.3500,56.8316,8.4892,,false,7,0.008333,2.1483,0.0583,1.00,1.00,0.0079,22,1,191,0,256704,191,191,0,0,928010240,8.4892,0.0665,2.1483,1.1388
1943,55.6881,55.4083,58.4346,9.3034,,false,7,0.008333,2.0930,0.0583,1.00,1.00,0.1092,22,1,191,0,256704,191,191,0,0,928010240,9.3034,0.0635,2.0930,2.6103
1944,55.7453,55.4583,57.9220,8.5778,,false,6,0.008333,1.7696,0.0500,1.00,0.86,8.0311,22,1,191,0,256704,191,191,0,0,928010240,8.5778,0.0843,1.7696,1.4535
1945,55.7967,55.5167,51.8246,8.2335,,false,7,0.008333,2.0753,0.0583,1.00,1.00,1.5224,22,1,191,0,256704,191,191,0,0,928010240,8.2335,0.0634,2.0753,1.1452
1946,55.8527,55.5667,56.2046,7.9812,,false,6,0.008333,1.9833,0.0500,1.00,0.89,7.7270,22,1,191,0,256704,191,191,0,0,928010240,7.9812,0.0613,1.9833,1.3348
1947,55.9048,55.6250,51.6027,8.5812,,false,7,0.008333,2.1171,0.0583,1.00,1.00,0.9963,22,1,191,0,256704,191,191,0,0,928010240,8.5812,0.0839,2.1171,1.1964
1948,55.9616,55.6750,56.4356,8.9186,,false,6,0.008333,2.0213,0.0500,1.00,0.89,7.4319,22,1,191,0,256704,191,191,0,0,928010240,8.9186,0.0768,2.0213,1.4330
1949,56.0199,55.7333,58.8991,8.3080,,false,7,0.008333,2.0015,0.0583,1.00,0.99,7.9977,22,1,191,0,256704,191,191,0,0,928010240,8.3080,0.0595,2.0015,1.1280
1950,56.0688,55.7833,45.8752,11.0830,,false,6,0.008333,1.9536,0.0500,1.00,1.00,3.8729,22,1,191,0,256704,191,191,0,0,928010240,11.0830,0.0883,1.9536,2.7279
1951,56.1281,55.8417,62.5820,8.0138,,false,7,0.008333,2.0881,0.0583,1.00,0.93,8.1216,22,1,191,0,256704,191,191,0,0,928010240,8.0138,0.0562,2.0881,1.2795
1952,56.1765,55.9000,50.7370,5.9107,,false,7,0.008333,1.4991,0.0583,1.00,1.00,0.5253,22,1,191,0,256704,191,191,0,0,928010240,5.9107,0.0528,1.4991,0.7254
1953,56.2343,55.9500,57.1908,6.2905,,false,6,0.008333,1.1949,0.0500,1.00,0.87,7.7161,22,1,191,0,256704,191,191,0,0,928010240,6.2905,0.0671,1.1949,0.8682
1954,56.2946,56.0083,58.6142,8.0349,,false,7,0.008333,1.9985,0.0583,1.00,1.00,7.9969,22,1,191,0,256704,191,191,0,0,928010240,8.0349,0.0545,1.9985,1.0917
1955,56.3444,56.0583,50.2702,7.5486,,false,6,0.008333,1.6975,0.0500,1.00,0.99,8.2671,22,1,191,0,256704,191,191,0,0,928010240,7.5486,0.0677,1.6975,1.1147
1956,56.4031,56.1167,58.1334,8.0162,,false,7,0.008333,2.1313,0.0583,1.00,1.00,8.0672,22,1,191,0,256704,191,191,0,0,928010240,8.0162,0.0579,2.1313,1.1282
1957,56.4548,56.1667,49.8796,10.0285,,false,6,0.008333,1.9832,0.0500,1.00,1.00,7.9468,22,1,191,0,256704,191,191,0,0,928010240,10.0285,0.0740,1.9832,2.6969
1958,56.5112,56.2250,58.3850,7.9510,,false,7,0.008333,1.7583,0.0583,1.00,1.00,7.9985,22,1,191,0,256704,191,191,0,0,928010240,7.9510,0.1351,1.7583,1.2254
1959,56.5629,56.2833,51.0929,8.5179,,false,7,0.008333,2.1789,0.0583,1.00,1.00,0.7580,22,1,191,0,256704,191,191,0,0,928010240,8.5179,0.0687,2.1789,1.1391
1960,56.6188,56.3333,56.5713,7.8270,,false,6,0.008333,1.5312,0.0500,1.00,0.88,7.3294,22,1,191,0,256704,191,191,0,0,928010240,7.8270,0.0725,1.5312,1.2004
1961,56.6771,56.3917,58.9393,7.1657,,false,7,0.008333,1.8503,0.0583,1.00,0.99,7.9353,22,1,191,0,256704,191,191,0,0,928010240,7.1657,0.0556,1.8503,1.0502
1962,56.7250,56.4417,49.6622,5.6765,,false,6,0.008333,1.2350,0.0500,1.00,1.00,7.5975,22,1,191,0,256704,191,191,0,0,928010240,5.6765,0.0663,1.2350,0.7074
1963,56.7865,56.5000,58.7235,8.1770,,false,7,0.008333,2.2019,0.0583,1.00,0.99,7.9877,22,1,191,0,256704,191,191,0,0,928010240,8.1770,0.0607,2.2019,1.1616
1964,56.8344,56.5500,49.4728,6.9673,,false,6,0.008333,1.1687,0.0500,1.00,1.00,7.4605,22,1,191,0,256704,191,191,0,0,928010240,6.9673,0.0567,1.1687,1.6930
1965,56.8958,56.6083,58.7500,9.3298,,false,7,0.008333,2.5477,0.0583,1.00,0.99,7.8772,22,1,191,0,256704,191,191,0,0,928010240,9.3298,0.0884,2.5477,1.5101
1966,56.9453,56.6583,49.9259,8.8189,,false,6,0.008333,1.9128,0.0500,1.00,1.00,7.8031,22,1,191,0,256704,191,191,0,0,928010240,8.8189,0.0812,1.9128,1.4506
1967,57.0037,56.7167,58.4295,8.8080,,false,7,0.008333,2.3574,0.0583,1.00,1.00,7.8993,22,1,191,0,256704,191,191,0,0,928010240,8.8080,0.0751,2.3574,1.1996
1968,57.0602,56.7750,57.9494,7.4980,,false,7,0.008333,1.7325,0.0583,1.00,1.00,7.5154,22,1,191,0,256704,191,191,0,0,928010240,7.4980,0.0636,1.7325,0.9124
1969,57.1120,56.8250,50.2071,8.9702,,false,6,0.008333,2.0471,0.0500,1.00,1.00,7.7226,22,1,191,0,256704,191,191,0,0,928010240,8.9702,0.0656,2.0471,1.2406
1970,57.1704,56.8833,58.8314,8.6480,,false,7,0.008333,1.8210,0.0583,1.00,0.99,8.2206,22,1,191,0,256704,191,191,0,0,928010240,8.6480,0.1227,1.8210,1.1466
1971,57.2225,56.9417,51.0837,9.6178,,false,7,0.008333,2.0832,0.0583,1.00,1.00,0.9710,22,1,191,0,256704,191,191,0,0,928010240,9.6178,0.0751,2.0832,2.6721
1972,57.2780,56.9917,56.9924,7.9597,,false,6,0.008333,1.8431,0.0500,1.00,0.88,7.9634,22,1,191,0,256704,191,191,0,0,928010240,7.9597,0.0962,1.8431,1.1012
1973,57.3272,57.0500,51.1843,6.1993,,false,7,0.008333,1.4009,0.0583,1.00,1.00,0.8143,22,1,191,0,256704,191,191,0,0,928010240,6.1993,0.0699,1.4009,0.7871
1974,57.3869,57.1083,57.6197,8.1045,,false,7,0.008333,1.7966,0.0583,1.00,1.00,0.1007,22,1,191,0,256704,191,191,0,0,928010240,8.1045,0.0620,1.7966,1.1205
1975,57.4452,57.1583,57.8952,8.5235,,false,6,0.008333,2.2512,0.0500,1.00,0.86,7.9959,22,1,191,0,256704,191,191,0,0,928010240,8.5235,0.0607,2.2512,1.1242
1976,57.4944,57.2083,50.0441,7.8194,,false,6,0.008333,1.5613,0.0500,1.00,1.00,8.0400,22,1,191,0,256704,191,191,0,0,928010240,7.8194,0.0675,1.5613,1.1478
1977,57.5530,57.2667,58.5642,7.7627,,false,7,0.008333,2.1290,0.0583,1.00,1.00,8.2709,22,1,191,0,256704,191,191,0,0,928010240,7.7627,0.0622,2.1290,1.1337
1978,57.6050,57.3250,50.2082,9.7094,,false,7,0.008333,2.1361,0.0583,1.00,1.00,0.1458,22,1,191,0,256704,191,191,0,0,928010240,9.7094,0.1059,2.1361,2.6090
1979,57.6611,57.3750,57.5286,8.2100,,false,6,0.008333,1.7759,0.0500,1.00,0.87,7.6744,22,1,191,0,256704,191,191,0,0,928010240,8.2100,0.0639,1.7759,1.1147
1980,57.7208,57.4333,58.7579,9.1145,,false,7,0.008333,2.5235,0.0583,1.00,0.99,8.0990,22,1,191,0,256704,191,191,0,0,928010240,9.1145,0.0651,2.5235,1.1578
1981,57.7692,57.4833,49.8520,7.6298,,false,6,0.008333,1.5850,0.0500,1.00,1.00,7.9511,22,1,191,0,256704,191,191,0,0,928010240,7.6298,0.0651,1.5850,1.1237
1982,57.8295,57.5500,59.2842,8.5809,,false,8,0.008333,2.3037,0.0667,1.00,1.00,0.5686,22,1,191,0,256704,191,191,0,0,928010240,8.5809,0.0659,2.3037,1.2463
1983,57.8797,57.6000,49.4914,9.2042,,false,6,0.008333,1.6687,0.0500,1.00,1.00,0.0600,22,1,191,0,256704,191,191,0,0,928010240,9.2042,0.0891,1.6687,1.2065
1984,57.9388,57.6500,58.2233,10.1673,,false,6,0.008333,1.7769,0.0500,1.00,0.86,8.2832,22,1,191,0,256704,191,191,0,0,928010240,10.1673,0.0602,1.7769,1.1365
1985,57.9881,57.7000,49.9376,9.4737,,false,6,0.008333,1.5844,0.0500,1.00,1.00,8.2208,22,1,191,0,256704,191,191,0,0,928010240,9.4737,0.0740,1.5844,2.7825
1986,58.0452,57.7583,58.4298,8.0453,,false,7,0.008333,2.1590,0.0583,1.00,1.00,8.3173,22,1,191,0,256704,191,191,0,0,928010240,8.0453,0.0564,2.1590,1.1220
1987,58.0964,57.8083,49.4138,10.1639,,false,6,0.008333,2.0347,0.0500,1.00,1.00,7.7311,22,1,191,0,256704,191,191,0,0,928010240,10.1639,0.0996,2.0347,1.2481
1988,58.1526,57.8667,58.5671,7.8005,,false,7,0.008333,1.9413,0.0583,1.00,1.00,7.9648,22,1,191,0,256704,191,191,0,0,928010240,7.8005,0.0646,1.9413,1.1159
1989,58.2125,57.9333,59.0240,8.6514,,false,8,0.008333,2.3555,0.0667,1.00,1.00,0.3222,22,1,191,0,256704,191,191,0,0,928010240,8.6514,0.0571,2.3555,1.1063
1990,58.2614,57.9750,49.0250,8.3750,,false,5,0.008333,1.6449,0.0417,1.00,0.85,7.6806,22,1,191,0,256704,191,191,0,0,928010240,8.3750,0.0807,1.6449,1.3440
1991,58.3209,58.0333,58.7432,9.2649,,false,7,0.008333,2.2440,0.0583,1.00,0.99,8.0904,22,1,191,0,256704,191,191,0,0,928010240,9.2649,0.0576,2.2440,1.0914
1992,58.3731,58.0833,49.6644,11.7142,,false,6,0.008333,2.2220,0.0500,1.00,1.00,7.7548,22,1,191,0,256704,191,191,0,0,928010240,11.7142,0.0896,2.2220,3.4585
1993,58.4288,58.1500,59.2096,8.0259,,false,8,0.008333,2.1700,0.0667,1.00,1.00,0.2977,22,1,191,0,256704,191,191,0,0,928010240,8.0259,0.0589,2.1700,1.2176
1994,58.4803,58.2000,50.3327,9.4518,,false,6,0.008333,1.8232,0.0500,1.00,0.99,0.6304,22,1,191,0,256704,191,191,0,0,928010240,9.4518,0.0983,1.8232,1.5453
1995,58.5361,58.2500,55.7742,9.3066,,false,6,0.008333,2.0916,0.0500,1.00,0.90,6.4046,22,1,191,0,256704,191,191,0,0,928010240,9.3066,0.0764,2.0916,1.2560
1996,58.5948,58.3083,57.9525,10.1388,,false,7,0.008333,2.5878,0.0583,1.00,1.00,6.0238,22,1,191,0,256704,191,191,0,0,928010240,10.1388,0.0974,2.5878,1.5179
1997,58.6519,58.3667,58.4063,8.7275,,false,7,0.008333,2.5566,0.0583,1.00,1.00,6.0968,22,1,191,0,256704,191,191,0,0,928010240,8.7275,0.0706,2.5566,1.5900
1998,58.7036,58.4167,50.3066,10.3742,,false,6,0.008333,2.1511,0.0500,1.00,0.99,6.4034,22,1,191,0,256704,191,191,0,0,928010240,10.3742,0.1107,2.1511,1.4506
1999,58.7622,58.4750,58.0079,10.9027,,false,7,0.008333,1.9703,0.0583,1.00,1.00,6.0780,22,1,191,0,256704,191,191,0,0,928010240,10.9027,0.1042,1.9703,2.7159
